category,file,source_key,current_fa_value,latin_words
high-latin,i18n/_combined_index.fa.json,HRV Biofeedback RCT,HRV Biofeedback RCT,Biofeedback
high-latin,i18n/_combined_index.fa.json,Vernier Go Direct Belt (50 Hz piezoelectric),Vernier Go Direct Belt (۵۰ Hz piezoelectric),Go Direct Belt Hz piezoelectric
high-latin,i18n/_combined_index.fa.json,"R 4.3.1 (lme4, brms, Stan, mediation, BayesFactor, ggplot2)","R ۴.۳.۱ (lme۴, brms, Stan, mediation, BayesFactor, ggplot۲)",mediation BayesFactor
high-latin,i18n/_combined_index.fa.json,0.80 for d=0.50 at α=0.05 → N=128 required (160 enrolled for 20% attrition),۰.۸۰ برای d=۰.۵۰ at α=۰.۰۵ → N=۱۲۸ required (۱۶۰ enrolled برای ۲۰% attrition),d at required enrolled attrition
high-latin,i18n/_combined_index.fa.json,Inverse temperature (β) for exploitation/exploration,Inverse temperature (β) برای exploitation/exploration,Inverse temperature exploitation exploration
high-latin,i18n/_combined_index.fa.json,Perseveration parameter (κ) for habitual repetition,Perseveration parameter (κ) برای habitual repetition,Perseveration parameter habitual repetition
high-latin,i18n/_combined_index.fa.json,Accounts for individual differences and uncertainty,Accounts برای individual differences و uncertainty,Accounts individual differences uncertainty
high-latin,i18n/_combined_index.fa.json,Technologies Used,Technologies Used,Technologies Used
high-latin,i18n/_combined_index.fa.json,Core:,Core:,Core
high-latin,i18n/_combined_index.fa.json,"HTML5, CSS3, Vanilla JavaScript ES6+","HTML۵, CSS۳, Vanilla JavaScript ES۶+",Vanilla
high-latin,i18n/_combined_index.fa.json,Storage:,Storage:,Storage
high-latin,i18n/_combined_index.fa.json,Mobile:,Mobile:,Mobile
high-latin,i18n/_combined_index.fa.json,Desktop:,Desktop:,Desktop
high-latin,i18n/_combined_index.fa.json,Install:,Install:,Install
high-latin,i18n/_combined_index.fa.json,Development Challenges & Solutions,Development Challenges و Solutions,Development Challenges Solutions
high-latin,i18n/_combined_index.fa.json,Technical Challenges Solved,Technical Challenges Solved,Technical Challenges Solved
high-latin,i18n/_combined_index.fa.json,Challenge 1: Bilingual Content Management,چالش ۱: Bilingual Content Management,Bilingual Content Management
high-latin,i18n/_combined_index.fa.json,Design Philosophy,Design Philosophy,Design Philosophy
high-latin,i18n/_combined_index.fa.json,Progressive Disclosure:,Progressive Disclosure:,Progressive Disclosure
high-latin,i18n/_combined_index.fa.json,Consistent Patterns:,Consistent Patterns:,Consistent Patterns
high-latin,i18n/_combined_index.fa.json,Visual Hierarchy:,Visual Hierarchy:,Visual Hierarchy
high-latin,i18n/_combined_index.fa.json,Feedback Loops:,Feedback Loops:,Feedback Loops
high-latin,i18n/_combined_index.fa.json,Impact & Usage,Impact و Usage,Impact Usage
high-latin,i18n/_combined_index.fa.json,Skills Demonstrated,Skills Demonstrated,Skills Demonstrated
high-latin,i18n/_combined_index.fa.json,User-Centered Design,User-Centered Design,User-Centered Design
high-latin,i18n/_combined_index.fa.json,Planned Enhancements,Planned Enhancements,Planned Enhancements
high-latin,i18n/_combined_index.fa.json,Progress Analytics:,Progress Analytics:,Progress Analytics
high-latin,i18n/_combined_index.fa.json,Optional sharing of insights and exercise results,Optional sharing از insights و exercise results,Optional sharing insights exercise results
high-latin,i18n/_combined_index.fa.json,Audio Content:,Audio Content:,Audio Content
high-latin,i18n/_combined_index.fa.json,Gamification:,Gamification:,Gamification
high-latin,i18n/_combined_index.fa.json,Achievement system to encourage regular practice,Achievement system تا encourage regular practice,Achievement system encourage regular practice
high-latin,i18n/_combined_index.fa.json,API Integration:,API Integration:,API Integration
high-latin,i18n/_combined_index.fa.json,Project Significance,Project Significance,Project Significance
high-latin,i18n/_combined_index.fa.json,is an alternative implementation of,is an alternative implementation of,is an alternative implementation of
high-latin,i18n/_combined_index.fa.json,Goal:,Goal:,Goal
high-latin,i18n/_combined_index.fa.json,Relationship to THINK-360+,Relationship تا THINK-۳۶۰+,Relationship THINK-
high-latin,i18n/_combined_index.fa.json,Offline distribution:,Offline distribution:,Offline distribution
high-latin,i18n/_combined_index.fa.json,Content-first i18n:,Content-first i۱۸n:,Content-first
high-latin,i18n/_combined_index.fa.json,Thinking Islands:,Thinking Islands:,Thinking
high-latin,i18n/_combined_index.fa.json,Personalization:,Personalization:,Personalization
high-latin,i18n/_combined_index.fa.json,Offline-first PWA:,Offline-first PWA:,Offline-first
high-latin,i18n/_combined_index.fa.json,Tech Notes,Tech Notes,Tech Notes
high-latin,i18n/_combined_index.fa.json,Frontend:,Frontend:,Frontend
high-latin,i18n/_combined_index.fa.json,Deployment:,Deployment:,Deployment
high-latin,i18n/_combined_index.fa.json,Lineage:,Lineage:,Lineage
high-latin,i18n/_combined_index.fa.json,Full Citation,Full Citation,Full Citation
high-latin,i18n/_combined_index.fa.json,"Lotfifar, A. M., & Mohammadi, M. D. (2025).","Lotfifar, A. M., و Mohammadi, M. D. (۲۰۲۵).",A M M D
high-latin,i18n/_combined_index.fa.json,Affiliation:,Affiliation:,Affiliation
high-latin,i18n/_combined_index.fa.json,Abstract,Abstract,Abstract
high-latin,i18n/_combined_index.fa.json,Objective:,Objective:,Objective
high-latin,i18n/_combined_index.fa.json,Key Contributions,Key Contributions,Key Contributions
high-latin,i18n/_combined_index.fa.json,Artifact-Calibrated Pipeline:,Artifact-Calibrated Pipeline:,Artifact-Calibrated Pipeline
high-latin,i18n/_combined_index.fa.json,Within-Between Decomposition:,Within-Between Decomposition:,Within-Between Decomposition
high-latin,i18n/_combined_index.fa.json,Multiple Statistical Approaches:,Multiple Statistical Approaches:,Multiple Statistical Approaches
high-latin,i18n/_combined_index.fa.json,Small Effect Size:,Small Effect Size:,Small Effect Size
high-latin,i18n/_combined_index.fa.json,Between-Participant Effect:,Between-Participant Effect:,Between-Participant Effect
high-latin,i18n/_combined_index.fa.json,32 healthy adults,۳۲ healthy adults,healthy adults
high-latin,i18n/_combined_index.fa.json,Trials:,Trials:,Trials
high-latin,i18n/_combined_index.fa.json,Ratings:,Ratings:,Ratings
high-latin,i18n/_combined_index.fa.json,"Fp1, Fp2 (frontal)","Fp۱, Fp۲ (frontal)",frontal
high-latin,i18n/_combined_index.fa.json,Windows:,Windows:,Windows
high-latin,i18n/_combined_index.fa.json,Feature:,Feature:,Feature
high-latin,i18n/_combined_index.fa.json,Sample:,Sample:,Sample
high-latin,i18n/_combined_index.fa.json,Naive:,Naive:,Naive
high-latin,i18n/_combined_index.fa.json,Pearson correlation,Pearson correlation,Pearson correlation
high-latin,i18n/_combined_index.fa.json,Robust:,Robust:,Robust
high-latin,i18n/_combined_index.fa.json,Cluster-corrected SE,Cluster-corrected SE,Cluster-corrected SE
high-latin,i18n/_combined_index.fa.json,Mixed:,Mixed:,Mixed
high-latin,i18n/_combined_index.fa.json,Random-intercept models,Random-intercept models,Random-intercept models
high-latin,i18n/_combined_index.fa.json,Decomposition:,Decomposition:,Decomposition
high-latin,i18n/_combined_index.fa.json,Within-between effects,Within-between effects,Within-between effects
high-latin,i18n/_combined_index.fa.json,Technical Skills Demonstrated,Technical Skills Demonstrated,Technical Skills Demonstrated
high-latin,i18n/_combined_index.fa.json,EEG Signal Processing,EEG Signal Processing,Signal Processing
high-latin,i18n/_combined_index.fa.json,Mixed-Effects Modeling,Mixed-Effects Modeling,Mixed-Effects Modeling
high-latin,i18n/_combined_index.fa.json,Within-Between Decomposition,Within-Between Decomposition,Within-Between Decomposition
high-latin,i18n/_combined_index.fa.json,Artifact Detection,Artifact Detection,Artifact Detection
high-latin,i18n/_combined_index.fa.json,For Affective Computing:,For Affective Computing:,For Affective
high-latin,i18n/_combined_index.fa.json,Reproducible Pipeline:,Reproducible Pipeline:,Reproducible Pipeline
high-latin,i18n/_combined_index.fa.json,Transparent Reporting:,Transparent Reporting:,Transparent Reporting
high-latin,i18n/_combined_index.fa.json,Results made immediately available to research community,Results made immediately available تا پژوهش community,Results made immediately available community
high-latin,i18n/_combined_index.fa.json,Affective Computing,Affective Computing,Affective
high-latin,i18n/_combined_index.fa.json,Mixed Effects,Mixed Effects,Mixed Effects
high-latin,i18n/_combined_index.fa.json,Principal Investigator:,Principal Investigator:,Principal Investigator
high-latin,i18n/_combined_index.fa.json,Co-Principal Investigator:,Co-Principal Investigator:,Co-Principal Investigator
high-latin,i18n/_combined_index.fa.json,Melika Dabbagh Mohammadi (Independent Researcher),Melika Dabbagh Mohammadi (Independent Researcher),Independent Researcher
high-latin,i18n/_combined_index.fa.json,Sample Size:,Sample Size:,Sample Size
high-latin,i18n/_combined_index.fa.json,Intervention:,Intervention:,Intervention
high-latin,i18n/_combined_index.fa.json,Primary Outcome:,Primary Outcome:,Primary Outcome
high-latin,i18n/_combined_index.fa.json,Planned Location:,Planned Location:,Planned Location
high-latin,i18n/_combined_index.fa.json,Pre-registered protocol; data collection planned 2026-2027,Pre-registered protocol; داده collection planned ۲۰۲۶-۲۰۲۷,Pre-registered protocol collection planned
high-latin,i18n/_combined_index.fa.json,This investigation is grounded in the,This investigation is grounded در the,This investigation is grounded the
high-latin,i18n/_combined_index.fa.json,Core Hypothesis:,Core Hypothesis:,Core Hypothesis
high-latin,i18n/_combined_index.fa.json,Confirmatory Hypotheses (Pre-Registered),Confirmatory Hypotheses (Pre-Registered),Confirmatory Hypotheses Pre-Registered
high-latin,i18n/_combined_index.fa.json,Hypothesis:,Hypothesis:,Hypothesis
high-latin,i18n/_combined_index.fa.json,Predicted Effect:,Predicted Effect:,Predicted Effect
high-latin,i18n/_combined_index.fa.json,Controls:,Controls:,Controls
high-latin,i18n/_combined_index.fa.json,"Causal mediation with 5,000 bootstrap iterations","Causal mediation با ۵,۰۰۰ bootstrap iterations",Causal mediation bootstrap iterations
high-latin,i18n/_combined_index.fa.json,H3: Computational Mechanisms,H۳: Computational Mechanisms,Computational Mechanisms
high-latin,i18n/_combined_index.fa.json,Reduced decision noise (higher β),Reduced decision noise (higher β),Reduced decision noise higher
high-latin,i18n/_combined_index.fa.json,Exploratory Hypotheses,Exploratory Hypotheses,Exploratory Hypotheses
high-latin,i18n/_combined_index.fa.json,Rigorous Active Control,Rigorous Active Control,Rigorous Active Control
high-latin,i18n/_combined_index.fa.json,Single-Session Design,Single-Session Design,Single-Session Design
high-latin,i18n/_combined_index.fa.json,Respiratory Control,Respiratory Control,Respiratory Control
high-latin,i18n/_combined_index.fa.json,Analyst Blinding,Analyst Blinding,Analyst Blinding
high-latin,i18n/_combined_index.fa.json,Analysts blind until final database lock,Analysts blind until final database lock,Analysts blind until final database lock
high-latin,i18n/_combined_index.fa.json,Full Pre-Registration,Full Pre-Registration,Full Pre-Registration
high-latin,i18n/_combined_index.fa.json,Methodological Features,Methodological Features,Methodological Features
high-latin,i18n/_combined_index.fa.json,Provides an implementation‑ready agenda,Provides an implementation‑ready agenda,Provides an implementation ready agenda
high-latin,i18n/_combined_index.fa.json,Context sensitivity,Context sensitivity,Context sensitivity
high-latin,i18n/_combined_index.fa.json,Configurational diversity,Configurational diversity,Configurational diversity
high-latin,i18n/_combined_index.fa.json,Stage 1 (EEG‑only):,Stage ۱ (EEG‑only):,Stage only
high-latin,i18n/_combined_index.fa.json,Stage 2 (fMRI‑only):,Stage ۲ (fMRI‑only):,Stage only
high-latin,i18n/_combined_index.fa.json,Stage 3 (Simultaneous EEG–fMRI):,Stage ۳ (Simultaneous EEG–fMRI):,Stage Simultaneous
high-latin,i18n/_combined_index.fa.json,Core paradigm:,Core paradigm:,Core paradigm
high-latin,i18n/_combined_index.fa.json,Example hypotheses (summarized),Example hypotheses (summarized),Example hypotheses summarized
high-latin,i18n/_combined_index.fa.json,Connectivity modulation:,Connectivity modulation:,Connectivity modulation
high-latin,i18n/_combined_index.fa.json,EEG ↔ fMRI correspondence:,EEG ↔ fMRI correspondence:,correspondence
high-latin,i18n/_combined_index.fa.json,Stress and reduced flexibility:,Stress و reduced flexibility:,Stress reduced flexibility
high-latin,i18n/_combined_index.fa.json,Reproducibility & governance,Reproducibility و governance,Reproducibility governance
high-latin,i18n/_combined_index.fa.json,transparency and dual‑use governance,transparency و dual‑use governance,transparency dual use governance
high-latin,i18n/_combined_index.fa.json,Download Paper (DOCX),Download Paper (DOCX),Download Paper
high-latin,i18n/_combined_index.fa.json,Author:,Author:,Author
high-latin,i18n/_combined_index.fa.json,"Lotfifar, A. M.","Lotfifar, A. M.",A M
high-latin,i18n/_combined_index.fa.json,Problem the framework addresses,Problem the چارچوب addresses,Problem the addresses
high-latin,i18n/_combined_index.fa.json,: emerges via a,: emerges via a,emerges via a
high-latin,i18n/_combined_index.fa.json,biphasic trajectory,biphasic trajectory,biphasic trajectory
high-latin,i18n/_combined_index.fa.json,Formalization,Formalization,Formalization
high-latin,i18n/_combined_index.fa.json,Routine demo (10 s):,Routine demo (۱۰ s):,Routine demo s
high-latin,i18n/_combined_index.fa.json,emotional entropy proxy H,emotional entropy proxy H,emotional entropy proxy H
high-latin,i18n/_combined_index.fa.json,0.000 → −0.714 while routine meaning M,۰.۰۰۰ → −۰.۷۱۴ while routine معنا M,while routine M
high-latin,i18n/_combined_index.fa.json,Falsifiable predictions (examples),Falsifiable predictions (examples),Falsifiable predictions examples
high-latin,i18n/_combined_index.fa.json,increase at peak,increase at peak,increase at peak
high-latin,i18n/_combined_index.fa.json,decrease post‑peak,decrease post‑peak,decrease post peak
high-latin,i18n/_combined_index.fa.json,post‑peak decrease,post‑peak decrease,post peak decrease
high-latin,i18n/_combined_index.fa.json,Core claim,Core claim,Core claim
high-latin,i18n/_combined_index.fa.json,intrapersonal ideal,intrapersonal ideal,intrapersonal ideal
high-latin,i18n/_combined_index.fa.json,Six-component framework (mechanistic model),Six-component چارچوب (mechanistic model),Six-component mechanistic model
high-latin,i18n/_combined_index.fa.json,Algorithmic enhancement,Algorithmic enhancement,Algorithmic enhancement
high-latin,i18n/_combined_index.fa.json,of facial features (observable modifications).,of facial features (observable modifications).,of facial features observable modifications
high-latin,i18n/_combined_index.fa.json,Actual–digital self‑discrepancy,Actual–digital self‑discrepancy,Actual digital self discrepancy
high-latin,i18n/_combined_index.fa.json,(filtered self becomes an “ideal self”).,(filtered self becomes an “ideal self”).,filtered self becomes an ideal self
high-latin,i18n/_combined_index.fa.json,Perceptual recalibration,Perceptual recalibration,Perceptual recalibration
high-latin,i18n/_combined_index.fa.json,Self‑objectification,خود‑objectification,objectification
high-latin,i18n/_combined_index.fa.json,Downstream psychosocial outcomes,Downstream psychosocial outcomes,Downstream psychosocial outcomes
high-latin,i18n/_combined_index.fa.json,Computational formalization (examples),Computational formalization (examples),Computational formalization examples
high-latin,i18n/_combined_index.fa.json,Body dissatisfaction trajectory:,Body dissatisfaction trajectory:,Body dissatisfaction trajectory
high-latin,i18n/_combined_index.fa.json,Recalibration threshold:,Recalibration threshold:,Recalibration threshold
high-latin,i18n/_combined_index.fa.json,P(filtered baseline) = 1 / (1 + e,P(filtered baseline) = ۱ / (۱ + e,P filtered baseline e
high-latin,i18n/_combined_index.fa.json,Dependence via negative reinforcement:,Dependence via negative reinforcement:,Dependence via negative reinforcement
high-latin,i18n/_combined_index.fa.json,V(filter) = −λ × E[distress | unfiltered],V(filter) = −λ × E[distress | unfiltered],V filter E distress unfiltered
high-latin,i18n/_combined_index.fa.json,Testable predictions (high-level),Testable predictions (high-level),Testable predictions high-level
high-latin,i18n/_combined_index.fa.json,Interventions:,Interventions:,Interventions
high-latin,i18n/_combined_index.fa.json,filtered vs unfiltered self,filtered در برابر unfiltered self,filtered unfiltered self
high-latin,i18n/_combined_index.fa.json,Mind Islands variant,Mind Islands variant,variant
high-latin,i18n/_combined_index.fa.json,Original Title:,Original Title:,Original Title
high-latin,i18n/_combined_index.fa.json,Language:,Language:,Language
high-latin,i18n/_combined_index.fa.json,Publisher:,Publisher:,Publisher
high-latin,i18n/_combined_index.fa.json,To be announced,To be announced,To be announced
high-latin,i18n/_combined_index.fa.json,Empathetic Thinking,Empathetic Thinking,Empathetic Thinking
high-latin,i18n/_combined_index.fa.json,Experimental/Scientific Thinking,Experimental/Scientific تفکر,Experimental Scientific
high-latin,i18n/_combined_index.fa.json,Integrative Thinking,Integrative Thinking,Integrative Thinking
high-latin,i18n/_combined_index.fa.json,Chapters 2-10: Journey to the Islands,Chapters ۲-۱۰: Journey تا the Islands,Chapters Journey the
high-latin,i18n/_combined_index.fa.json,Evidence-Based:,Evidence-Based:,Evidence-Based
high-latin,i18n/_combined_index.fa.json,Architecture,Architecture,Architecture
high-latin,i18n/_combined_index.fa.json,School-Based Volunteer Consulting,School-Based Volunteer Consulting,School-Based Volunteer Consulting
high-latin,i18n/_combined_index.fa.json,Setting & Background,Setting و Background,Setting Background
high-latin,i18n/_combined_index.fa.json,Role:,Role:,Role
high-latin,i18n/_combined_index.fa.json,Services Provided,Services Provided,Services Provided
high-latin,i18n/_combined_index.fa.json,Working with Children:,Working با Children:,Working Children
high-latin,i18n/_combined_index.fa.json,Talent Discovery:,Talent Discovery:,Talent Discovery
high-latin,i18n/_combined_index.fa.json,Consultation:,Consultation:,Consultation
high-latin,i18n/_combined_index.fa.json,Referral Support:,Referral Support:,Referral Support
high-latin,i18n/_combined_index.fa.json,Continuity of care:,Continuity از care:,Continuity care
high-latin,i18n/_combined_index.fa.json,Intensive support:,Intensive support:,Intensive support
high-latin,i18n/_combined_index.fa.json,Specialized intervention:,Specialized intervention:,Specialized intervention
high-latin,i18n/_combined_index.fa.json,Mathematics Tutoring Specialization,Mathematics Tutoring Specialization,Mathematics Tutoring Specialization
high-latin,i18n/_combined_index.fa.json,Play Therapy Integration,Play Therapy Integration,Play Therapy Integration
high-latin,i18n/_combined_index.fa.json,Relationship Building:,Relationship Building:,Relationship Building
high-latin,i18n/_combined_index.fa.json,A Turning Point in My Career Journey,A Turning Point در My Career Journey,A Turning Point My Career Journey
high-latin,i18n/_combined_index.fa.json,Presenting Challenges:,Presenting Challenges:,Presenting Challenges
high-latin,i18n/_combined_index.fa.json,Complete absence of abstract thinking:,Complete absence از abstract تفکر:,Complete absence abstract
high-latin,i18n/_combined_index.fa.json,Severe working memory deficits:,Severe working memory deficits:,Severe working memory deficits
high-latin,i18n/_combined_index.fa.json,No mental number line:,No mental number line:,No mental number line
high-latin,i18n/_combined_index.fa.json,Inability to generalize:,Inability تا generalize:,Inability generalize
high-latin,i18n/_combined_index.fa.json,Medical History:,Medical History:,Medical History
high-latin,i18n/_combined_index.fa.json,Childhood seizure disorder:,Childhood seizure disorder:,Childhood seizure disorder
high-latin,i18n/_combined_index.fa.json,Traumatic brain injury (TBI):,Traumatic brain injury (TBI):,Traumatic brain injury TBI
high-latin,i18n/_combined_index.fa.json,Instructional adaptations (high level):,Instructional adaptations (high level):,Instructional adaptations high level
high-latin,i18n/_combined_index.fa.json,Teaching Approach & Methods,Teaching Approach و Methods,Teaching Approach Methods
high-latin,i18n/_combined_index.fa.json,Therapeutic Educational Framework,Therapeutic Educational چارچوب,Therapeutic Educational
high-latin,i18n/_combined_index.fa.json,Informal assessment of cognitive strengths and weaknesses,Informal assessment از شناختی strengths و weaknesses,Informal assessment strengths weaknesses
high-latin,i18n/_combined_index.fa.json,Individualized Instruction,Individualized Instruction,Individualized Instruction
high-latin,i18n/_combined_index.fa.json,Multisensory teaching methods,Multisensory teaching methods,Multisensory teaching methods
high-latin,i18n/_combined_index.fa.json,Physical manipulatives and hands-on activities,Physical manipulatives و hands-on activities,Physical manipulatives hands-on activities
high-latin,i18n/_combined_index.fa.json,Playful exploration of concepts,Playful exploration از concepts,Playful exploration concepts
high-latin,i18n/_combined_index.fa.json,Building self-efficacy and confidence,Building self-efficacy و confidence,Building self-efficacy confidence
high-latin,i18n/_combined_index.fa.json,Celebrating small victories and progress,Celebrating small victories و progress,Celebrating small victories progress
high-latin,i18n/_combined_index.fa.json,Adapting to attentional limitations,Adapting تا attentional limitations,Adapting attentional limitations
high-latin,i18n/_combined_index.fa.json,Supporting executive function development,Supporting executive function development,Supporting executive function development
high-latin,i18n/_combined_index.fa.json,‍‍Family Collaboration,‍‍Family Collaboration,Family Collaboration
high-latin,i18n/_combined_index.fa.json,Parent consultation and guidance,Parent consultation و guidance,Parent consultation guidance
high-latin,i18n/_combined_index.fa.json,Home practice recommendations,Home practice recommendations,Home practice recommendations
high-latin,i18n/_combined_index.fa.json,Progress updates and feedback,Progress updates و feedback,Progress updates feedback
high-latin,i18n/_combined_index.fa.json,Referrals to specialists when needed,Referrals تا specialists when needed,Referrals specialists when needed
high-latin,i18n/_combined_index.fa.json,Student Outcomes & Impact,Student Outcomes و Impact,Student Outcomes Impact
high-latin,i18n/_combined_index.fa.json,Improved confidence:,Improved confidence:,Improved confidence
high-latin,i18n/_combined_index.fa.json,Reduced anxiety:,Reduced anxiety:,Reduced anxiety
high-latin,i18n/_combined_index.fa.json,Better self-understanding:,Better self-understanding:,Better self-understanding
high-latin,i18n/_combined_index.fa.json,Family support:,Family support:,Family support
high-latin,i18n/_combined_index.fa.json,Appropriate referrals:,Appropriate referrals:,Appropriate referrals
high-latin,i18n/_combined_index.fa.json,Important Note:,Important Note:,Important Note
high-latin,i18n/_combined_index.fa.json,Play Therapy,Play Therapy,Play Therapy
high-latin,i18n/_combined_index.fa.json,Neuropsychological Understanding,Neuropsychological Understanding,Neuropsychological Understanding
high-latin,i18n/_combined_index.fa.json,Mathematics Instruction,Mathematics Instruction,Mathematics Instruction
high-latin,i18n/_combined_index.fa.json,Parent Consultation,Parent Consultation,Parent Consultation
high-latin,i18n/_combined_index.fa.json,Therapeutic Relationship,Therapeutic Relationship,Therapeutic Relationship
high-latin,i18n/_combined_index.fa.json,Patience & Empathy,Patience و Empathy,Patience Empathy
high-latin,i18n/_combined_index.fa.json,"PVD Kavian Co. • Tehran, Iran • 2019 - Present","PVD Kavian Co. • Tehran, Iran • ۲۰۱۹ - Present",Co Present
high-latin,i18n/_combined_index.fa.json,Employment Timeline:,Employment Timeline:,Employment Timeline
high-latin,i18n/_combined_index.fa.json,2021-Present:,۲۰۲۱-Present:,Present
high-latin,i18n/_combined_index.fa.json,Part-time consultant (automation + dashboard maintenance),Part-time consultant (automation + داشبورد maintenance),Part-time consultant automation maintenance
high-latin,i18n/_combined_index.fa.json,Key digital deliverables (Web + HR dashboards),Key digital deliverables (وب + HR dashboards),Key digital deliverables HR dashboards
high-latin,i18n/_combined_index.fa.json,Kavico corporate website (FA/EN):,Kavico corporate website (FA/EN):,corporate website FA EN
high-latin,i18n/_combined_index.fa.json,live demo,live demo,live demo
high-latin,i18n/_combined_index.fa.json,KIA Coating product catalog:,KIA Coating product catalog:,Coating product catalog
high-latin,i18n/_combined_index.fa.json,product listing and catalog UX —,product listing و catalog UX —,product listing catalog UX
high-latin,i18n/_combined_index.fa.json,Core Responsibilities,Core Responsibilities,Core Responsibilities
high-latin,i18n/_combined_index.fa.json,Financial Analysis & Accounting,Financial تحلیل و Accounting,Financial Accounting
high-latin,i18n/_combined_index.fa.json,Financial Reporting:,Financial Reporting:,Financial Reporting
high-latin,i18n/_combined_index.fa.json,Accounting Management:,Accounting Management:,Accounting Management
high-latin,i18n/_combined_index.fa.json,Financial Forecasting:,Financial Forecasting:,Financial Forecasting
high-latin,i18n/_combined_index.fa.json,Budget Management:,Budget Management:,Budget Management
high-latin,i18n/_combined_index.fa.json,Data Analytics & Business Intelligence,داده Analytics و Business Intelligence,Analytics Business Intelligence
high-latin,i18n/_combined_index.fa.json,Business Intelligence Dashboards:,Business Intelligence Dashboards:,Business Intelligence Dashboards
high-latin,i18n/_combined_index.fa.json,Predictive Analytics:,Predictive Analytics:,Predictive Analytics
high-latin,i18n/_combined_index.fa.json,Strategic Management & Consulting,Strategic Management و Consulting,Strategic Management Consulting
high-latin,i18n/_combined_index.fa.json,Statistical Consulting:,Statistical Consulting:,Statistical Consulting
high-latin,i18n/_combined_index.fa.json,Management Reporting:,Management Reporting:,Management Reporting
high-latin,i18n/_combined_index.fa.json,Risk Assessment:,Risk Assessment:,Risk Assessment
high-latin,i18n/_combined_index.fa.json,Process Optimization:,Process Optimization:,Process Optimization
high-latin,i18n/_combined_index.fa.json,Technical Skills & Tools,Technical Skills و Tools,Technical Skills Tools
high-latin,i18n/_combined_index.fa.json,Business Intelligence & Visualization,Business Intelligence و Visualization,Business Intelligence Visualization
high-latin,i18n/_combined_index.fa.json,Power BI (Working Knowledge):,Power BI (Working Knowledge):,Power BI Working Knowledge
high-latin,i18n/_combined_index.fa.json,DAX Functions:,DAX Functions:,DAX Functions
high-latin,i18n/_combined_index.fa.json,Basic understanding of data models and relationships,Basic understanding از داده models و relationships,Basic understanding models relationships
high-latin,i18n/_combined_index.fa.json,Power Query:,Power Query:,Power Query
high-latin,i18n/_combined_index.fa.json,Report Creation:,Report Creation:,Report Creation
high-latin,i18n/_combined_index.fa.json,Microsoft Excel (Advanced),Microsoft Excel (Advanced),Microsoft Advanced
high-latin,i18n/_combined_index.fa.json,Pivot Tables & Charts,Pivot Tables و Charts,Pivot Tables Charts
high-latin,i18n/_combined_index.fa.json,SQL (Basic),SQL (Basic),SQL Basic
high-latin,i18n/_combined_index.fa.json,Time Series Forecasting,Time Series Forecasting,Time Series Forecasting
high-latin,i18n/_combined_index.fa.json,Monte Carlo Simulation,Monte Carlo Simulation,Monte Carlo Simulation
high-latin,i18n/_combined_index.fa.json,Programming & Data Science,Programming و داده Science,Programming Science
high-latin,i18n/_combined_index.fa.json,Excel VBA:,Excel VBA:,VBA
high-latin,i18n/_combined_index.fa.json,Key Projects & Achievements,Key Projects و Achievements,Key Projects Achievements
high-latin,i18n/_combined_index.fa.json,Financial Reporting & Dashboard Development,Financial Reporting و داشبورد Development,Financial Reporting Development
high-latin,i18n/_combined_index.fa.json,Power BI & Excel • 2020-Present,Power BI و Excel • ۲۰۲۰-Present,Power BI Present
high-latin,i18n/_combined_index.fa.json,Data Quality & Process Optimization Initiative,داده Quality و Process Optimization Initiative,Quality Process Optimization Initiative
high-latin,i18n/_combined_index.fa.json,85% reduction,۸۵% reduction,reduction
high-latin,i18n/_combined_index.fa.json,in data entry errors,in داده entry errors,in entry errors
high-latin,i18n/_combined_index.fa.json,Standardized processes,Standardized processes,Standardized processes
high-latin,i18n/_combined_index.fa.json,Audit-ready records,Audit-ready records,Audit-ready records
high-latin,i18n/_combined_index.fa.json,Cost Optimization Analysis,Cost Optimization تحلیل,Cost Optimization
high-latin,i18n/_combined_index.fa.json,Identified savings,Identified savings,Identified savings
high-latin,i18n/_combined_index.fa.json,Vendor negotiations,Vendor negotiations,Vendor negotiations
high-latin,i18n/_combined_index.fa.json,Resource reallocation,Resource reallocation,Resource reallocation
high-latin,i18n/_combined_index.fa.json,Power BI Basics:,Power BI Basics:,Power BI Basics
high-latin,i18n/_combined_index.fa.json,Learned fundamental dashboard creation and data visualization,Learned fundamental داشبورد creation و داده visualization,Learned fundamental creation visualization
high-latin,i18n/_combined_index.fa.json,Financial Acumen:,Financial Acumen:,Financial Acumen
high-latin,i18n/_combined_index.fa.json,Business Context:,Business Context:,Business Context
high-latin,i18n/_combined_index.fa.json,"Experience with large, messy real-world datasets","Experience با large, messy real-world datasets",Experience large messy real-world datasets
high-latin,i18n/_combined_index.fa.json,"Data cleaning, validation, and quality assurance","داده cleaning, validation, و quality assurance",cleaning validation quality assurance
high-latin,i18n/_combined_index.fa.json,Analytical Rigor,Analytical Rigor,Analytical Rigor
high-latin,i18n/_combined_index.fa.json,Hypothesis-driven investigation,Hypothesis-driven investigation,Hypothesis-driven investigation
high-latin,i18n/_combined_index.fa.json,Reproducible analysis workflows,Reproducible تحلیل workflows,Reproducible workflows
high-latin,i18n/_combined_index.fa.json,Technical Proficiency,Technical Proficiency,Technical Proficiency
high-latin,i18n/_combined_index.fa.json,Advanced visualization techniques,Advanced visualization techniques,Advanced visualization techniques
high-latin,i18n/_combined_index.fa.json,Version control and documentation,Version control و documentation,Version control documentation
high-latin,i18n/_combined_index.fa.json,Problem-Solving,Problem-Solving,Problem-Solving
high-latin,i18n/_combined_index.fa.json,Identifying appropriate methods for ambiguous questions,Identifying appropriate methods برای ambiguous questions,Identifying appropriate methods ambiguous questions
high-latin,i18n/_combined_index.fa.json,Iterative refinement of analysis approaches,Iterative refinement از تحلیل approaches,Iterative refinement approaches
high-latin,i18n/_combined_index.fa.json,Troubleshooting technical issues independently,Troubleshooting مسائل فنی independently,Troubleshooting independently
high-latin,i18n/_combined_index.fa.json,Creative solutions to data challenges,Creative solutions تا داده challenges,Creative solutions challenges
high-latin,i18n/_combined_index.fa.json,Translating technical findings for diverse audiences,Translating technical findings برای diverse audiences,Translating technical findings diverse audiences
high-latin,i18n/_combined_index.fa.json,Data storytelling and visualization,داده storytelling و visualization,storytelling visualization
high-latin,i18n/_combined_index.fa.json,Report writing and documentation,Report writing و documentation,Report writing documentation
high-latin,i18n/_combined_index.fa.json,Stakeholder management,Stakeholder management,Stakeholder management
high-latin,i18n/_combined_index.fa.json,Time management with competing priorities,Time management با competing priorities,Time management competing priorities
high-latin,i18n/_combined_index.fa.json,Meeting deadlines under pressure,Meeting deadlines under pressure,Meeting deadlines under pressure
high-latin,i18n/_combined_index.fa.json,Self-directed learning and adaptation,Self-directed learning و adaptation,Self-directed learning adaptation
high-latin,i18n/_combined_index.fa.json,Financial Independence & Academic Support,Financial Independence و آکادمیک Support,Financial Independence Support
high-latin,i18n/_combined_index.fa.json,Full-Time Period (2019-2021):,Full-Time Period (۲۰۱۹-۲۰۲۱):,Full-Time Period
high-latin,i18n/_combined_index.fa.json,Part-Time Period (2021-Present):,Part-Time Period (۲۰۲۱-Present):,Part-Time Period Present
high-latin,i18n/_combined_index.fa.json,Company Context: PVD Kavian Co.,Company Context: PVD Kavian Co.,Company Context Co
high-latin,i18n/_combined_index.fa.json,About the Organization:,About the Organization:,About the Organization
high-latin,i18n/_combined_index.fa.json,My Role's Scope:,My Role's Scope:,My Role s Scope
high-latin,i18n/_combined_index.fa.json,Diverse responsibilities:,Diverse responsibilities:,Diverse responsibilities
high-latin,i18n/_combined_index.fa.json,Direct impact:,Direct impact:,Direct impact
high-latin,i18n/_combined_index.fa.json,Interdisciplinary collaboration:,Interdisciplinary collaboration:,Interdisciplinary collaboration
high-latin,i18n/_combined_index.fa.json,Resource constraints:,Resource constraints:,Resource constraints
high-latin,i18n/_combined_index.fa.json,Power BI (Basic-Intermediate),Power BI (Basic-Intermediate),Power BI Basic-Intermediate
high-latin,i18n/_combined_index.fa.json,R Programming,R Programming,Programming
high-latin,i18n/_combined_index.fa.json,Excel Advanced,Excel Advanced,Advanced
high-latin,i18n/_combined_index.fa.json,Report Design,Report Design,Report Design
high-latin,i18n/_combined_index.fa.json,Financial Reporting,Financial Reporting,Financial Reporting
high-latin,i18n/_combined_index.fa.json,HTML/JS (single-file),HTML/JS (single-file),single-file
high-latin,i18n/_combined_index.fa.json,Rule-based payroll engine,Rule-based payroll engine,Rule-based payroll engine
high-latin,i18n/_combined_index.fa.json,Offline / Local storage,Offline / Local storage,Offline Local storage
high-latin,i18n/_combined_index.fa.json,What it does,What it does,What it does
high-latin,i18n/_combined_index.fa.json,track attendance,track attendance,track attendance
high-latin,i18n/_combined_index.fa.json,"transparent, rule-based payroll pipeline","transparent, rule-based payroll pipeline",transparent rule-based payroll pipeline
high-latin,i18n/_combined_index.fa.json,Core modules,Core modules,Core modules
high-latin,i18n/_combined_index.fa.json,Company / workshop profile:,Company / workshop profile:,Company workshop profile
high-latin,i18n/_combined_index.fa.json,Personnel management:,Personnel management:,Personnel management
high-latin,i18n/_combined_index.fa.json,Attendance calendar (multi-month):,Attendance calendar (multi-month):,Attendance calendar multi-month
high-latin,i18n/_combined_index.fa.json,Rule-based payroll engine:,Rule-based payroll engine:,Rule-based payroll engine
high-latin,i18n/_combined_index.fa.json,Compliance knobs:,Compliance knobs:,Compliance knobs
high-latin,i18n/_combined_index.fa.json,Reporting & exports,Reporting و exports,Reporting exports
high-latin,i18n/_combined_index.fa.json,Monthly summaries:,Monthly summaries:,Monthly summaries
high-latin,i18n/_combined_index.fa.json,Validation checks:,Validation checks:,Validation checks
high-latin,i18n/_combined_index.fa.json,Exports:,Exports:,Exports
high-latin,i18n/_combined_index.fa.json,Privacy & deployment,Privacy و deployment,Privacy deployment
high-latin,i18n/_combined_index.fa.json,Runs entirely in the browser,Runs entirely در the browser,Runs entirely the browser
high-latin,i18n/_combined_index.fa.json,Local-first storage:,Local-first storage:,Local-first storage
high-latin,i18n/_combined_index.fa.json,No tracking / no accounts:,No tracking / no accounts:,No tracking no accounts
high-latin,i18n/_combined_index.fa.json,Where it sits in this portfolio,Where it sits در this portfolio,Where it sits this portfolio
high-latin,i18n/_combined_index.fa.json,experience at PVD Kavian Co.,experience at PVD Kavian Co.,experience at Co
high-latin,i18n/_combined_index.fa.json,"A parallel, project-based practice focused on","A parallel, project-based practice focused on",A parallel project-based practice focused on
high-latin,i18n/_combined_index.fa.json,"clean, conversion-oriented websites","clean, conversion-oriented websites",clean conversion-oriented websites
high-latin,i18n/_combined_index.fa.json,coherent visual systems,coherent visual systems,coherent visual systems
high-latin,i18n/_combined_index.fa.json,clarity,clarity,clarity
high-latin,i18n/_combined_index.fa.json,information design,information design,information design
high-latin,i18n/_combined_index.fa.json,measurable usability,measurable usability,measurable usability
high-latin,i18n/_combined_index.fa.json,Information architecture:,Information architecture:,Information architecture
high-latin,i18n/_combined_index.fa.json,Responsive UI:,Responsive UI:,Responsive UI
high-latin,i18n/_combined_index.fa.json,WordPress delivery:,WordPress delivery:,delivery
high-latin,i18n/_combined_index.fa.json,Front-end polish:,Front-end polish:,Front-end polish
high-latin,i18n/_combined_index.fa.json,Launch readiness:,Launch readiness:,Launch readiness
high-latin,i18n/_combined_index.fa.json,Graphic & Visual Design,Graphic و Visual Design,Graphic Visual Design
high-latin,i18n/_combined_index.fa.json,Brand assets:,Brand assets:,Brand assets
high-latin,i18n/_combined_index.fa.json,UI assets:,UI assets:,UI assets
high-latin,i18n/_combined_index.fa.json,SEO & Content Readiness,SEO و Content Readiness,SEO Content Readiness
high-latin,i18n/_combined_index.fa.json,On-page foundations:,On-صفحه foundations:,On- foundations
high-latin,i18n/_combined_index.fa.json,Technical basics:,Technical basics:,Technical basics
high-latin,i18n/_combined_index.fa.json,Content structure:,Content structure:,Content structure
high-latin,i18n/_combined_index.fa.json,Note: This work focuses on,Note: This work focuses on,Note This work focuses on
high-latin,i18n/_combined_index.fa.json,SEO readiness and technical hygiene,SEO readiness و technical hygiene,SEO readiness technical hygiene
high-latin,i18n/_combined_index.fa.json,Workflow & Quality Checks,Workflow و Quality Checks,Workflow Quality Checks
high-latin,i18n/_combined_index.fa.json,Iterative delivery:,Iterative delivery:,Iterative delivery
high-latin,i18n/_combined_index.fa.json,Consistency:,Consistency:,Consistency
high-latin,i18n/_combined_index.fa.json,UI layout,UI layout,UI layout
high-latin,i18n/_combined_index.fa.json,Vector/Raster editing,Vector/Raster editing,Vector Raster editing
high-latin,i18n/_combined_index.fa.json,SEO foundations,SEO foundations,SEO foundations
high-latin,i18n/_combined_index.fa.json,Evidence in this portfolio,Evidence در this portfolio,Evidence this portfolio
high-latin,i18n/_combined_index.fa.json,Scope:,Scope:,Scope
high-latin,i18n/_combined_index.fa.json,Engagement:,Engagement:,Engagement
high-latin,i18n/_combined_index.fa.json,Selected website projects,Selected website projects,Selected website projects
high-latin,i18n/_combined_index.fa.json,Bilingual UX:,Bilingual UX:,Bilingual UX
high-latin,i18n/_combined_index.fa.json,Service IA:,Service IA:,IA
high-latin,i18n/_combined_index.fa.json,Conversion focus:,Conversion focus:,Conversion focus
high-latin,i18n/_combined_index.fa.json,KIA Coating | Product Catalog (Gatria),KIA Coating | Product Catalog (Gatria),Coating Product Catalog Gatria
high-latin,i18n/_combined_index.fa.json,Catalog website • Product listing and quick browsing,Catalog website • Product listing و quick browsing,Catalog website Product listing quick browsing
high-latin,i18n/_combined_index.fa.json,Mind Islands | Book companion site,Mind Islands | Book companion site,Book companion site
high-latin,i18n/_combined_index.fa.json,TOEFL Academic | Offline-ready lessons (PWA),TOEFL Academic | Offline-ready lessons (PWA),Academic Offline-ready lessons
high-latin,i18n/_combined_index.fa.json,Web app • Lessons + dictionary + offline mode,وب app • Lessons + dictionary + offline mode,app Lessons dictionary offline mode
high-latin,i18n/_combined_index.fa.json,Built-in dictionary and word pages for practice,Built-in dictionary و word pages برای practice,Built-in dictionary word pages practice
high-latin,i18n/_combined_index.fa.json,Settings page to control reading experience,Settings صفحه تا control reading experience,Settings control reading experience
high-latin,i18n/_combined_index.fa.json,Tehran Institute of Technology • 2024,Tehran Institute از Technology • ۲۰۲۴,Institute Technology
high-latin,i18n/_combined_index.fa.json,COMPLETED • GRADE: A+ (92%),COMPLETED • GRADE: A+ (۹۲%),COMPLETED GRADE A
high-latin,i18n/_combined_index.fa.json,"Collect, structure, and validate datasets for analysis","Collect, structure, و validate datasets برای تحلیل",Collect structure validate datasets
high-latin,i18n/_combined_index.fa.json,Design effective visualizations for communicating results,Design effective visualizations برای communicating results,Design effective visualizations communicating results
high-latin,i18n/_combined_index.fa.json,Matrix Construction:,Matrix Construction:,Matrix Construction
high-latin,i18n/_combined_index.fa.json,Systematic investigation of datasets to discover patterns and anomalies,Systematic investigation از datasets تا discover patterns و anomalies,Systematic investigation datasets discover patterns anomalies
high-latin,i18n/_combined_index.fa.json,Feature Engineering:,Feature Engineering:,Feature Engineering
high-latin,i18n/_combined_index.fa.json,Pattern Recognition:,Pattern Recognition:,Pattern Recognition
high-latin,i18n/_combined_index.fa.json,Multi-dimensional Visualization:,Multi-dimensional Visualization:,Multi-dimensional Visualization
high-latin,i18n/_combined_index.fa.json,Statistical Distributions:,Statistical Distributions:,Statistical Distributions
high-latin,i18n/_combined_index.fa.json,Hypothesis Testing:,Hypothesis Testing:,Hypothesis Testing
high-latin,i18n/_combined_index.fa.json,Data Preprocessing & Preparation,داده Preprocessing و Preparation,Preprocessing Preparation
high-latin,i18n/_combined_index.fa.json,Detecting erroneous data and correcting them,Detecting erroneous داده و correcting them,Detecting erroneous correcting them
high-latin,i18n/_combined_index.fa.json,Various types of data partitioning and organization,Various types از داده partitioning و organization,Various types partitioning organization
high-latin,i18n/_combined_index.fa.json,Format Correction:,Format Correction:,Format Correction
high-latin,i18n/_combined_index.fa.json,Standardizing data formats for consistency,Standardizing داده formats برای consistency,Standardizing formats consistency
high-latin,i18n/_combined_index.fa.json,Model Preparation:,Model Preparation:,Model Preparation
high-latin,i18n/_combined_index.fa.json,Preparing data for training by intelligent models,Preparing داده برای training by intelligent models,Preparing training by intelligent models
high-latin,i18n/_combined_index.fa.json,Module 1: Artificial Intelligence Fundamentals,ماژول ۱: Artificial Intelligence Fundamentals,Artificial Intelligence Fundamentals
high-latin,i18n/_combined_index.fa.json,Understanding the role of data in AI systems,Understanding the role از داده در AI systems,Understanding the role systems
high-latin,i18n/_combined_index.fa.json,Module 2: Environment Setup,ماژول ۲: Environment Setup,Environment Setup
high-latin,i18n/_combined_index.fa.json,Python installation and configuration,Python installation و configuration,installation configuration
high-latin,i18n/_combined_index.fa.json,Jupyter Notebook setup,Jupyter Notebook setup,Jupyter Notebook setup
high-latin,i18n/_combined_index.fa.json,Module 3: Linear Algebra Foundations,ماژول ۳: Linear Algebra Foundations,Linear Algebra Foundations
high-latin,i18n/_combined_index.fa.json,Vectors and matrices,Vectors و matrices,Vectors matrices
high-latin,i18n/_combined_index.fa.json,Matrix operations and transformations,Matrix operations و transformations,Matrix operations transformations
high-latin,i18n/_combined_index.fa.json,Eigenvalues and eigenvectors,Eigenvalues و eigenvectors,Eigenvalues eigenvectors
high-latin,i18n/_combined_index.fa.json,Training and working with various preprocessing and data analysis packages,Training و working با various preprocessing و داده تحلیل packages,Training working various preprocessing packages
high-latin,i18n/_combined_index.fa.json,Numerical computing and array operations,Numerical computing و array operations,Numerical computing array operations
high-latin,i18n/_combined_index.fa.json,"Normalization, standardization, encoding","Normalization, standardization, encoding",Normalization standardization encoding
high-latin,i18n/_combined_index.fa.json,Descriptive statistics and summary measures,Descriptive آمار و summary measures,Descriptive summary measures
high-latin,i18n/_combined_index.fa.json,Correlation and relationship identification,همبستگی و relationship identification,relationship identification
high-latin,i18n/_combined_index.fa.json,Outlier detection and treatment,Outlier detection و treatment,Outlier detection treatment
high-latin,i18n/_combined_index.fa.json,Data quality assessment,داده quality assessment,quality assessment
high-latin,i18n/_combined_index.fa.json,Training and working with various data visualization packages,Training و working با various داده visualization packages,Training working various visualization packages
high-latin,i18n/_combined_index.fa.json,matplotlib:,matplotlib:,matplotlib
high-latin,i18n/_combined_index.fa.json,Foundational plotting library,Foundational plotting library,Foundational plotting library
high-latin,i18n/_combined_index.fa.json,seaborn:,seaborn:,seaborn
high-latin,i18n/_combined_index.fa.json,Multi-dimensional data representation,Multi-dimensional داده representation,Multi-dimensional representation
high-latin,i18n/_combined_index.fa.json,Technical Stack,Technical Stack,Technical Stack
high-latin,i18n/_combined_index.fa.json,Python 3.x,Python ۳.x,x
high-latin,i18n/_combined_index.fa.json,seaborn,seaborn,seaborn
high-latin,i18n/_combined_index.fa.json,scikit-learn,scikit-learn,scikit-learn
high-latin,i18n/_combined_index.fa.json,Machine Learning Basics,Machine Learning Basics,Machine Learning Basics
high-latin,i18n/_combined_index.fa.json,Achievement Level,Achievement Level,Achievement Level
high-latin,i18n/_combined_index.fa.json,Demonstrated exceptional proficiency in data analysis techniques and Python programming,Demonstrated exceptional proficiency در داده تحلیل techniques و Python programming,Demonstrated exceptional proficiency techniques programming
high-latin,i18n/_combined_index.fa.json,Perform comprehensive EDA:,Perform comprehensive EDA:,Perform comprehensive EDA
high-latin,i18n/_combined_index.fa.json,Create effective visualizations:,Create effective visualizations:,Create effective visualizations
high-latin,i18n/_combined_index.fa.json,Identify patterns:,Identify patterns:,Identify patterns
high-latin,i18n/_combined_index.fa.json,Proficiently use Python's data science ecosystem,Proficiently use Python's داده science ecosystem,Proficiently use s science ecosystem
high-latin,i18n/_combined_index.fa.json,Statistical Rigor:,Statistical Rigor:,Statistical Rigor
high-latin,i18n/_combined_index.fa.json,Model Development:,Model Development:,Model Development
high-latin,i18n/_combined_index.fa.json,Designed data collection and preprocessing pipelines,Designed داده collection و preprocessing pipelines,Designed collection preprocessing pipelines
high-latin,i18n/_combined_index.fa.json,Developed visualization strategies for results presentation,کسب‌شده visualization strategies برای results presentation,visualization strategies results presentation
high-latin,i18n/_combined_index.fa.json,Tehran Institute of Technology,Tehran Institute از Technology,Institute Technology
high-latin,i18n/_combined_index.fa.json,Year:,Year:,Year
high-latin,i18n/_combined_index.fa.json,Behavior Design in Business & Neuromarketing,Behavior Design در Business و Neuromarketing,Behavior Design Business Neuromarketing
high-latin,i18n/_combined_index.fa.json,Provider:,Provider:,Provider
high-latin,i18n/_combined_index.fa.json,"National Brain Mapping Lab (NBML), Tehran","National Brain Mapping Lab (NBML), Tehran",National Brain Mapping Lab
high-latin,i18n/_combined_index.fa.json,Session 1: Introduction to Behavioral Economics,Session ۱: Introduction تا رفتاری Economics,Session Introduction Economics
high-latin,i18n/_combined_index.fa.json,Understanding decision-making processes and thinking systems,Understanding decision-making processes و تفکر systems,Understanding decision-making processes systems
high-latin,i18n/_combined_index.fa.json,Cognitive biases and systematic errors in judgment,شناختی biases و systematic errors در judgment,biases systematic errors judgment
high-latin,i18n/_combined_index.fa.json,Session 2: Foundations of Neuromarketing,Session ۲: Foundations از Neuromarketing,Session Foundations Neuromarketing
high-latin,i18n/_combined_index.fa.json,Fundamentals and introduction to neuromarketing tools,Fundamentals و introduction تا neuromarketing tools,Fundamentals introduction neuromarketing tools
high-latin,i18n/_combined_index.fa.json,Limitations and ethical considerations,Limitations و ethical considerations,Limitations ethical considerations
high-latin,i18n/_combined_index.fa.json,Behavioral finance principles and applications,رفتاری finance principles و applications,finance principles applications
high-latin,i18n/_combined_index.fa.json,Decision-making in financial markets,Decision-making در financial markets,Decision-making financial markets
high-latin,i18n/_combined_index.fa.json,Cognitive biases in financial decision-making,شناختی biases در financial decision-making,biases financial decision-making
high-latin,i18n/_combined_index.fa.json,Prospect theory and loss aversion,Prospect theory و loss aversion,Prospect theory loss aversion
high-latin,i18n/_combined_index.fa.json,Implications for investment strategy and portfolio management,Implications برای investment راهبرد و portfolio management,Implications investment portfolio management
high-latin,i18n/_combined_index.fa.json,Session 5: Neurobranding,Session ۵: Neurobranding,Session Neurobranding
high-latin,i18n/_combined_index.fa.json,Building emotional connections with brands,Building emotional connections با brands,Building emotional connections brands
high-latin,i18n/_combined_index.fa.json,Case studies from international brands,Case studies از international brands,Case studies international brands
high-latin,i18n/_combined_index.fa.json,Session 6: Neurocognitive Analysis of Advertising Content,Session ۶: Neurocognitive تحلیل از Advertising Content,Session Neurocognitive Advertising Content
high-latin,i18n/_combined_index.fa.json,Part A: Neurocognitive Content Analysis,Part A: Neurocognitive Content تحلیل,Part A Neurocognitive Content
high-latin,i18n/_combined_index.fa.json,Data-driven marketing strategies,داده-driven marketing strategies,driven marketing strategies
high-latin,i18n/_combined_index.fa.json,A/B testing and conversion optimization,A/B testing و conversion optimization,A B testing conversion optimization
high-latin,i18n/_combined_index.fa.json,Predictive analytics for consumer behavior,Predictive analytics برای consumer behavior,Predictive analytics consumer behavior
high-latin,i18n/_combined_index.fa.json,Decision-making biases in organizational contexts,Decision-making biases در organizational contexts,Decision-making biases organizational contexts
high-latin,i18n/_combined_index.fa.json,Building high-performance teams,Building high-performance teams,Building high-performance teams
high-latin,i18n/_combined_index.fa.json,Strategic thinking and innovation,Strategic تفکر و innovation,Strategic innovation
high-latin,i18n/_combined_index.fa.json,Behavioral science and experience design,رفتاری science و experience design,science experience design
high-latin,i18n/_combined_index.fa.json,Measuring and optimizing user experience,Measuring و optimizing user experience,Measuring optimizing user experience
high-latin,i18n/_combined_index.fa.json,Managers of cognitive clinics and rehabilitation centers,Managers از شناختی clinics و rehabilitation centers,Managers clinics rehabilitation centers
high-latin,i18n/_combined_index.fa.json,Marketing managers in organizations and businesses,Marketing managers در organizations و businesses,Marketing managers organizations businesses
high-latin,i18n/_combined_index.fa.json,Business Leaders,Business Leaders,Business Leaders
high-latin,i18n/_combined_index.fa.json,Managers of businesses and startups,Managers از businesses و startups,Managers businesses startups
high-latin,i18n/_combined_index.fa.json,Neuromarketing,Neuromarketing,Neuromarketing
high-latin,i18n/_combined_index.fa.json,Neurobranding,Neurobranding,Neurobranding
high-latin,i18n/_combined_index.fa.json,Marketing Strategy,Marketing Strategy,Marketing Strategy
high-latin,i18n/_combined_index.fa.json,Dr. Mohammadreza Abolghasemi Dehaqani,Dr. Mohammadreza Abolghasemi Dehaqani,Dr Mohammadreza Abolghasemi Dehaqani
high-latin,i18n/_combined_index.fa.json,Dr. Saeed Eslami Bidgoli,Dr. Saeed Eslami Bidgoli,Dr Saeed Eslami Bidgoli
high-latin,i18n/_combined_index.fa.json,Dr. Omid Asgari,Dr. Omid Asgari,Dr Omid Asgari
high-latin,i18n/_combined_index.fa.json,Amir Mohammad Tehmtan,Amir Mohammad Tehmtan,Amir Mohammad Tehmtan
high-latin,i18n/_combined_index.fa.json,Samira Toofani Asl,Samira Toofani Asl,Samira Toofani Asl
high-latin,i18n/_combined_index.fa.json,Kaveh Yazdifar,Kaveh Yazdifar,Kaveh Yazdifar
high-latin,i18n/_combined_index.fa.json,Albert Heidarian,Albert Heidarian,Albert Heidarian
high-latin,i18n/_combined_index.fa.json,- Director of NeuroLab Studio,- Director از NeuroLab Studio,Director NeuroLab Studio
high-latin,i18n/_combined_index.fa.json,Hirmand Lashkari,Hirmand Lashkari,Hirmand Lashkari
high-latin,i18n/_combined_index.fa.json,Core Competencies,Core Competencies,Core Competencies
high-latin,i18n/_combined_index.fa.json,Behavioral Economics Fundamentals:,رفتاری Economics Fundamentals:,Economics Fundamentals
high-latin,i18n/_combined_index.fa.json,Neuromarketing Techniques:,Neuromarketing Techniques:,Neuromarketing Techniques
high-latin,i18n/_combined_index.fa.json,Marketing Strategy:,Marketing Strategy:,Marketing Strategy
high-latin,i18n/_combined_index.fa.json,Brand Strategy:,Brand Strategy:,Brand Strategy
high-latin,i18n/_combined_index.fa.json,National Brain Mapping Lab (NBML),National Brain Mapping Lab (NBML),National Brain Mapping Lab
high-latin,i18n/_combined_index.fa.json,Neuroeconomics:,Neuroeconomics:,Neuroeconomics
high-latin,i18n/_combined_index.fa.json,Translating basic neuroscience findings to real-world applications,Translating basic علوم اعصاب findings تا real-world applications,Translating basic findings real-world applications
high-latin,i18n/_combined_index.fa.json,Interdisciplinary Approach:,Interdisciplinary Approach:,Interdisciplinary Approach
high-latin,i18n/_combined_index.fa.json,Ability to communicate research findings to non-academic audiences,Ability تا communicate پژوهش findings تا non-academic audiences,Ability communicate findings non-academic audiences
high-latin,i18n/_combined_index.fa.json,Total Duration:,Total Duration:,Total Duration
high-latin,i18n/_combined_index.fa.json,8 comprehensive modules,۸ comprehensive modules,comprehensive modules
high-latin,i18n/_combined_index.fa.json,Hybrid (Online & In-person),Hybrid (Online و In-person),Hybrid Online In-person
high-latin,i18n/_combined_index.fa.json,Dates:,Dates:,Dates
high-latin,i18n/_combined_index.fa.json,8+ distinguished instructors,۸+ distinguished instructors,distinguished instructors
high-latin,i18n/_combined_index.fa.json,12+ major subject areas,۱۲+ major subject areas,major subject areas
high-latin,i18n/_combined_index.fa.json,Disciplines:,Disciplines:,Disciplines
high-latin,i18n/_combined_index.fa.json,Institutional Context,Institutional Context,Institutional Context
high-latin,i18n/_combined_index.fa.json,Venue:,Venue:,Venue
high-latin,i18n/_combined_index.fa.json,National Brain Mapping Lab,National Brain Mapping Lab,National Brain Mapping Lab
high-latin,i18n/_combined_index.fa.json,Support:,Support:,Support
high-latin,i18n/_combined_index.fa.json,Cognitive Sciences and Technologies Development Headquarters,شناختی Sciences و Technologies Development Headquarters,Sciences Technologies Development Headquarters
high-latin,i18n/_combined_index.fa.json,Personal Impact & Significance,Personal Impact و Significance,Personal Impact Significance
high-latin,i18n/_combined_index.fa.json,"National School of Biotechnology, Iran • January 2025","National School از Biotechnology, Iran • January ۲۰۲۵",National School Biotechnology January
high-latin,i18n/_combined_index.fa.json,6-hour advanced virtual training course,۶-hour advanced virtual training course,hour advanced virtual training course
high-latin,i18n/_combined_index.fa.json,Course Curriculum & Topics,دوره Curriculum و Topics,Curriculum Topics
high-latin,i18n/_combined_index.fa.json,Core Molecular Biology Techniques,Core Molecular Biology روش‌ها,Core Molecular Biology
high-latin,i18n/_combined_index.fa.json,1. Primer Design,۱. Primer Design,Primer Design
high-latin,i18n/_combined_index.fa.json,Design considerations for PCR and RT-PCR,Design considerations برای PCR و RT-PCR,Design considerations PCR RT-PCR
high-latin,i18n/_combined_index.fa.json,Specificity and efficiency optimization,Specificity و efficiency optimization,Specificity efficiency optimization
high-latin,i18n/_combined_index.fa.json,2. RNA Extraction,۲. RNA Extraction,RNA Extraction
high-latin,i18n/_combined_index.fa.json,RNA extraction techniques and protocols,RNA extraction techniques و protocols,RNA extraction techniques protocols
high-latin,i18n/_combined_index.fa.json,Sample preparation and handling,Sample preparation و handling,Sample preparation handling
high-latin,i18n/_combined_index.fa.json,RNase-free technique and contamination prevention,RNase-free technique و contamination prevention,RNase-free technique contamination prevention
high-latin,i18n/_combined_index.fa.json,3. Agarose Gel Electrophoresis,۳. Agarose Gel Electrophoresis,Agarose Gel Electrophoresis
high-latin,i18n/_combined_index.fa.json,Gel preparation and running procedures,Gel preparation و running procedures,Gel preparation running procedures
high-latin,i18n/_combined_index.fa.json,Nucleic acid visualization techniques,Nucleic acid visualization techniques,Nucleic acid visualization techniques
high-latin,i18n/_combined_index.fa.json,Quality assessment of PCR products,Quality assessment از PCR products,Quality assessment PCR products
high-latin,i18n/_combined_index.fa.json,4. PCR (Polymerase Chain Reaction),۴. PCR (Polymerase Chain Reaction),PCR Polymerase Chain Reaction
high-latin,i18n/_combined_index.fa.json,PCR theory and principles,PCR theory و principles,PCR theory principles
high-latin,i18n/_combined_index.fa.json,Reaction setup and optimization,Reaction setup و optimization,Reaction setup optimization
high-latin,i18n/_combined_index.fa.json,Temperature cycling protocols,Temperature cycling protocols,Temperature cycling protocols
high-latin,i18n/_combined_index.fa.json,5. Real-Time PCR (RT-PCR),۵. Real-Time PCR (RT-PCR),Real-Time PCR RT-PCR
high-latin,i18n/_combined_index.fa.json,Quantitative real-time PCR methodology,Quantitative real-time PCR methodology,Quantitative real-time PCR methodology
high-latin,i18n/_combined_index.fa.json,Normalization strategies and reference genes,Normalization strategies و reference genes,Normalization strategies reference genes
high-latin,i18n/_combined_index.fa.json,6. Troubleshooting,۶. Troubleshooting,Troubleshooting
high-latin,i18n/_combined_index.fa.json,Common problems in molecular biology experiments,Common problems در molecular biology experiments,Common problems molecular biology experiments
high-latin,i18n/_combined_index.fa.json,Diagnostic approaches for failed reactions,Diagnostic approaches برای failed reactions,Diagnostic approaches failed reactions
high-latin,i18n/_combined_index.fa.json,Optimization strategies,Optimization strategies,Optimization strategies
high-latin,i18n/_combined_index.fa.json,Quality control best practices,Quality control best practices,Quality control best practices
high-latin,i18n/_combined_index.fa.json,Advanced Level,Advanced Level,Advanced Level
high-latin,i18n/_combined_index.fa.json,Virtual Format,Virtual Format,Virtual Format
high-latin,i18n/_combined_index.fa.json,Industry Focus,Industry Focus,Industry Focus
high-latin,i18n/_combined_index.fa.json,Primer Design,Primer Design,Primer Design
high-latin,i18n/_combined_index.fa.json,RNA Extraction,RNA Extraction,RNA Extraction
high-latin,i18n/_combined_index.fa.json,Gel Electrophoresis,Gel Electrophoresis,Gel Electrophoresis
high-latin,i18n/_combined_index.fa.json,Real-Time PCR,Real-Time PCR,Real-Time PCR
high-latin,i18n/_combined_index.fa.json,Molecular Biology,Molecular Biology,Molecular Biology
high-latin,i18n/_combined_index.fa.json,Troubleshooting,Troubleshooting,Troubleshooting
high-latin,i18n/_combined_index.fa.json,Molecular Mechanisms:,Molecular Mechanisms:,Molecular Mechanisms
high-latin,i18n/_combined_index.fa.json,Methodological Integration:,Methodological Integration:,Methodological Integration
high-latin,i18n/_combined_index.fa.json,"National School of Biotechnology, Iran","National School از Biotechnology, Iran",National School Biotechnology
high-latin,i18n/_combined_index.fa.json,6 hours intensive virtual training,۶ hours intensive virtual training,hours intensive virtual training
high-latin,i18n/_combined_index.fa.json,60 hours intensive program,۶۰ hours intensive program,hours intensive program
high-latin,i18n/_combined_index.fa.json,Core Curriculum Modules,Core Curriculum Modules,Core Curriculum Modules
high-latin,i18n/_combined_index.fa.json,Module 1: Neuroanatomy (12 hours),ماژول ۱: Neuroanatomy (۱۲ hours),Neuroanatomy hours
high-latin,i18n/_combined_index.fa.json,Cranial nerves overview,Cranial nerves overview,Cranial nerves overview
high-latin,i18n/_combined_index.fa.json,Fourth ventricle anatomy and CSF flow,Fourth ventricle anatomy و CSF flow,Fourth ventricle anatomy CSF flow
high-latin,i18n/_combined_index.fa.json,Vascular anatomy of the brain,Vascular anatomy از the brain,Vascular anatomy the brain
high-latin,i18n/_combined_index.fa.json,Module 2: Neurophysiology (4 hours),ماژول ۲: Neurophysiology (۴ hours),Neurophysiology hours
high-latin,i18n/_combined_index.fa.json,Neurons and glial cells,Neurons و glial cells,Neurons glial cells
high-latin,i18n/_combined_index.fa.json,Synaptic transmission,Synaptic transmission,Synaptic transmission
high-latin,i18n/_combined_index.fa.json,Neurotransmitter types and functions,Neurotransmitter types و functions,Neurotransmitter types functions
high-latin,i18n/_combined_index.fa.json,Action potentials,Action potentials,Action potentials
high-latin,i18n/_combined_index.fa.json,Neuronal excitation and inhibition,Neuronal excitation و inhibition,Neuronal excitation inhibition
high-latin,i18n/_combined_index.fa.json,Sensory systems (general and special senses),Sensory systems (general و special senses),Sensory systems general special senses
high-latin,i18n/_combined_index.fa.json,Module 3: Brain Dissection (4 hours),ماژول ۳: Brain Dissection (۴ hours),Brain Dissection hours
high-latin,i18n/_combined_index.fa.json,3. Addiction and Substance Abuse Disorders,۳. Addiction و Substance Abuse Disorders,Addiction Substance Abuse Disorders
high-latin,i18n/_combined_index.fa.json,"4. Headache, Seizures, Stroke, and Coma","۴. Headache, Seizures, Stroke, و Coma",Headache Seizures Stroke Coma
high-latin,i18n/_combined_index.fa.json,5. Aging Disorders and Dementia,۵. Aging Disorders و Dementia,Aging Disorders Dementia
high-latin,i18n/_combined_index.fa.json,6. Brain Tumors and Neurosurgery (Neurointervention & Neuromonitoring),۶. Brain Tumors و Neurosurgery (Neurointervention و Neuromonitoring),Brain Tumors Neurosurgery Neurointervention Neuromonitoring
high-latin,i18n/_combined_index.fa.json,Definitions and classification,Definitions و classification,Definitions classification
high-latin,i18n/_combined_index.fa.json,Clinical signs/symptoms and diagnostic tools,بالینی signs/symptoms و diagnostic tools,signs symptoms diagnostic tools
high-latin,i18n/_combined_index.fa.json,Behavioral changes and brain imaging findings,رفتاری changes و brain imaging findings,changes brain imaging findings
high-latin,i18n/_combined_index.fa.json,Pathophysiology and mechanisms,Pathophysiology و mechanisms,Pathophysiology mechanisms
high-latin,i18n/_combined_index.fa.json,Latest research findings and diagnostic/therapeutic challenges,Latest پژوهش findings و diagnostic/therapeutic challenges,Latest findings diagnostic therapeutic challenges
high-latin,i18n/_combined_index.fa.json,Ethical considerations,Ethical considerations,Ethical considerations
high-latin,i18n/_combined_index.fa.json,Module 5: Laboratory Tours at NBML (4 hours),ماژول ۵: Laboratory Tours at NBML (۴ hours),Laboratory Tours at hours
high-latin,i18n/_combined_index.fa.json,Three Specialized Lab Tours:,Three Specialized Lab Tours:,Three Specialized Lab Tours
high-latin,i18n/_combined_index.fa.json,Image processing software and analysis pipelines,Image processing software و تحلیل pipelines,Image processing software pipelines
high-latin,i18n/_combined_index.fa.json,"EEG, MEG, and other electrophysiological recording systems","EEG, MEG, و other electrophysiological recording systems",MEG other electrophysiological recording systems
high-latin,i18n/_combined_index.fa.json,Signal processing techniques and software,Signal processing techniques و software,Signal processing techniques software
high-latin,i18n/_combined_index.fa.json,"C) Brain Stimulation, Cognitive Assessment & Rehabilitation Lab (1.5 hours)","C) Brain Stimulation, شناختی Assessment و Rehabilitation Lab (۱.۵ hours)",Brain Stimulation Assessment Rehabilitation Lab hours
high-latin,i18n/_combined_index.fa.json,Cognitive assessment and rehabilitation tools,شناختی assessment و rehabilitation tools,assessment rehabilitation tools
high-latin,i18n/_combined_index.fa.json,Virtual reality systems for therapeutic applications,Virtual reality systems برای therapeutic applications,Virtual reality systems therapeutic applications
high-latin,i18n/_combined_index.fa.json,Eye-tracking technology and applications,Eye-tracking technology و applications,Eye-tracking technology applications
high-latin,i18n/_combined_index.fa.json,Program Scale,Program Scale,Program Scale
high-latin,i18n/_combined_index.fa.json,20+ distinguished instructors,۲۰+ distinguished instructors,distinguished instructors
high-latin,i18n/_combined_index.fa.json,Lab Tours:,Lab Tours:,Lab Tours
high-latin,i18n/_combined_index.fa.json,3 specialized facilities,۳ specialized facilities,specialized facilities
high-latin,i18n/_combined_index.fa.json,Institutional Affiliations,Institutional Affiliations,Institutional Affiliations
high-latin,i18n/_combined_index.fa.json,Tehran UMS,Tehran UMS,UMS
high-latin,i18n/_combined_index.fa.json,Iran UMS,Iran UMS,UMS
high-latin,i18n/_combined_index.fa.json,Other Universities,Other Universities,Other Universities
high-latin,i18n/_combined_index.fa.json,International,International,International
high-latin,i18n/_combined_index.fa.json,- 1 (Laureate Institute),- ۱ (Laureate Institute),Laureate Institute
high-latin,i18n/_combined_index.fa.json,Disciplines Covered,Disciplines Covered,Disciplines Covered
high-latin,i18n/_combined_index.fa.json,Foundational Knowledge:,Foundational Knowledge:,Foundational Knowledge
high-latin,i18n/_combined_index.fa.json,Translational Perspective:,Translational Perspective:,Translational Perspective
high-latin,i18n/_combined_index.fa.json,Facilities include:,Facilities include:,Facilities include
high-latin,i18n/_combined_index.fa.json,Personal Impact & Relevance,Personal Impact و Relevance,Personal Impact Relevance
high-latin,i18n/_combined_index.fa.json,NeuroTRACT Association • 2023-2024 • One-Year Intensive Program,NeuroTRACT همبستگی • ۲۰۲۳-۲۰۲۴ • One-Year Intensive Program,One-Year Intensive Program
high-latin,i18n/_combined_index.fa.json,Structure:,Structure:,Structure
high-latin,i18n/_combined_index.fa.json,International English certificate,International English certificate,International English certificate
high-latin,i18n/_combined_index.fa.json,Advanced Python Skills:,Advanced Python Skills:,Advanced Skills
high-latin,i18n/_combined_index.fa.json,Interdisciplinary Perspective:,Interdisciplinary Perspective:,Interdisciplinary Perspective
high-latin,i18n/_combined_index.fa.json,Total Sessions:,Total Sessions:,Total Sessions
high-latin,i18n/_combined_index.fa.json,34 lectures,۳۴ lectures,lectures
high-latin,i18n/_combined_index.fa.json,Three-Phase Structure,Three-Phase Structure,Three-Phase Structure
high-latin,i18n/_combined_index.fa.json,13 lectures,۱۳ lectures,lectures
high-latin,i18n/_combined_index.fa.json,11 lectures,۱۱ lectures,lectures
high-latin,i18n/_combined_index.fa.json,10 lectures,۱۰ lectures,lectures
high-latin,i18n/_combined_index.fa.json,Core Topics (13 Sessions),Core Topics (۱۳ Sessions),Core Topics Sessions
high-latin,i18n/_combined_index.fa.json,Basic Neuroanatomy,Basic Neuroanatomy,Basic Neuroanatomy
high-latin,i18n/_combined_index.fa.json,Neuronal Signaling and Synaptic Transmission,Neuronal Signaling و Synaptic Transmission,Neuronal Signaling Synaptic Transmission
high-latin,i18n/_combined_index.fa.json,General Principles of Sensory System,General Principles از Sensory System,General Principles Sensory System
high-latin,i18n/_combined_index.fa.json,Audition & Vestibular Sensation,Audition و Vestibular Sensation,Audition Vestibular Sensation
high-latin,i18n/_combined_index.fa.json,Chemical Sense,Chemical Sense,Chemical Sense
high-latin,i18n/_combined_index.fa.json,Lower and Upper Motor Neurons,Lower و Upper Motor Neurons,Lower Upper Motor Neurons
high-latin,i18n/_combined_index.fa.json,Neuroembryology,Neuroembryology,Neuroembryology
high-latin,i18n/_combined_index.fa.json,Neuroplasticity,Neuroplasticity,Neuroplasticity
high-latin,i18n/_combined_index.fa.json,Associational Cortex,Associational Cortex,Associational Cortex
high-latin,i18n/_combined_index.fa.json,Neurodegenerative Diseases and Dementia,Neurodegenerative Diseases و Dementia,Neurodegenerative Diseases Dementia
high-latin,i18n/_combined_index.fa.json,Epilepsy and Seizures,Epilepsy و Seizures,Epilepsy Seizures
high-latin,i18n/_combined_index.fa.json,Altered Mental Status and Brain Death,Altered Mental Status و Brain Death,Altered Mental Status Brain Death
high-latin,i18n/_combined_index.fa.json,Addiction,Addiction,Addiction
high-latin,i18n/_combined_index.fa.json,Neural Mechanisms of Stroke,Neural Mechanisms از Stroke,Neural Mechanisms Stroke
high-latin,i18n/_combined_index.fa.json,Movement Disorders,Movement Disorders,Movement Disorders
high-latin,i18n/_combined_index.fa.json,Neurodevelopmental Disorders,Neurodevelopmental Disorders,Neurodevelopmental Disorders
high-latin,i18n/_combined_index.fa.json,Personality Disorders,Personality Disorders,Personality Disorders
high-latin,i18n/_combined_index.fa.json,Depression and Mood Disorders,Depression و Mood Disorders,Depression Mood Disorders
high-latin,i18n/_combined_index.fa.json,Speech and Language Disorders,Speech و Language Disorders,Speech Language Disorders
high-latin,i18n/_combined_index.fa.json,Abstract Function,Abstract Function,Abstract Function
high-latin,i18n/_combined_index.fa.json,Perception,Perception,Perception
high-latin,i18n/_combined_index.fa.json,Intelligence,Intelligence,Intelligence
high-latin,i18n/_combined_index.fa.json,Sleep,Sleep,Sleep
high-latin,i18n/_combined_index.fa.json,Individual Differences,Individual Differences,Individual Differences
high-latin,i18n/_combined_index.fa.json,Reward and Happiness,Reward و Happiness,Reward Happiness
high-latin,i18n/_combined_index.fa.json,Consciousness,Consciousness,Consciousness
high-latin,i18n/_combined_index.fa.json,Prof. Gholamreza Hassanzadeh,Prof. Gholamreza Hassanzadeh,Prof Gholamreza Hassanzadeh
high-latin,i18n/_combined_index.fa.json,Prof. Mohammad Arbabi,Prof. Mohammad Arbabi,Prof Mohammad Arbabi
high-latin,i18n/_combined_index.fa.json,Dr. Abbas Tafakhori,Dr. Abbas Tafakhori,Dr Abbas Tafakhori
high-latin,i18n/_combined_index.fa.json,Dr. Mojdeh Ghabaee,Dr. Mojdeh Ghabaee,Dr Mojdeh Ghabaee
high-latin,i18n/_combined_index.fa.json,Dr. Mohammad Effatpanah,Dr. Mohammad Effatpanah,Dr Mohammad Effatpanah
high-latin,i18n/_combined_index.fa.json,Dr. Payam Sarraf,Dr. Payam Sarraf,Dr Payam Sarraf
high-latin,i18n/_combined_index.fa.json,Dr. Sakineh Ranji,Dr. Sakineh Ranji,Dr Sakineh Ranji
high-latin,i18n/_combined_index.fa.json,Dr. Hamed Amirifard,Dr. Hamed Amirifard,Dr Hamed Amirifard
high-latin,i18n/_combined_index.fa.json,Dr. Esmaeil Riahi,Dr. Esmaeil Riahi,Dr Esmaeil Riahi
high-latin,i18n/_combined_index.fa.json,Shiraz University of Medical Sciences,Shiraz University از Medical Sciences,Shiraz University Medical Sciences
high-latin,i18n/_combined_index.fa.json,Prof. Masoumeh Hatem,Prof. Masoumeh Hatem,Prof Masoumeh Hatem
high-latin,i18n/_combined_index.fa.json,Prof. Arash Mani,Prof. Arash Mani,Prof Arash Mani
high-latin,i18n/_combined_index.fa.json,Prof. Tahereh Talaei,Prof. Tahereh Talaei,Prof Tahereh Talaei
high-latin,i18n/_combined_index.fa.json,Dr. Ghazal Rashdi,Dr. Ghazal Rashdi,Dr Ghazal Rashdi
high-latin,i18n/_combined_index.fa.json,"- PhD in Physiotherapy, Scientific Director of New Horizons in Rehabilitation Congress","- PhD در Physiotherapy, Scientific Director از New Horizons در Rehabilitation Congress",PhD Physiotherapy Scientific Director New Horizons Rehabilitation Congress
high-latin,i18n/_combined_index.fa.json,Iran University of Medical Sciences,Iran University از Medical Sciences,University Medical Sciences
high-latin,i18n/_combined_index.fa.json,Prof. Seyed Vahid Shariat,Prof. Seyed Vahid Shariat,Prof Seyed Vahid Shariat
high-latin,i18n/_combined_index.fa.json,Dr. Mohammad Ghadiri,Dr. Mohammad Ghadiri,Dr Mohammad Ghadiri
high-latin,i18n/_combined_index.fa.json,Dr. Navid Mirzakhani,Dr. Navid Mirzakhani,Dr Navid Mirzakhani
high-latin,i18n/_combined_index.fa.json,Dr. Reyhaneh Mohammadi,Dr. Reyhaneh Mohammadi,Dr Reyhaneh
high-latin,i18n/_combined_index.fa.json,International Faculty,International Faculty,International Faculty
high-latin,i18n/_combined_index.fa.json,Dr. Mahsa Mayeli,Dr. Mahsa Mayeli,Dr Mahsa Mayeli
high-latin,i18n/_combined_index.fa.json,Dr. Parnian Rafei,Dr. Parnian Rafei,Dr Parnian Rafei
high-latin,i18n/_combined_index.fa.json,Dr. Amirhossein Jalali,Dr. Amirhossein Jalali,Dr Amirhossein Jalali
high-latin,i18n/_combined_index.fa.json,Additional Specialized Faculty,Additional Specialized Faculty,Additional Specialized Faculty
high-latin,i18n/_combined_index.fa.json,Dr. Ahmadreza Khatoonabadi,Dr. Ahmadreza Khatoonabadi,Dr Ahmadreza Khatoonabadi
high-latin,i18n/_combined_index.fa.json,Dr. Ehsan Negin,Dr. Ehsan Negin,Dr Ehsan Negin
high-latin,i18n/_combined_index.fa.json,Dr. Hojjatollah Haghgoo,Dr. Hojjatollah Haghgoo,Dr Hojjatollah Haghgoo
high-latin,i18n/_combined_index.fa.json,Dr. Alireza Valizadeh,Dr. Alireza Valizadeh,Dr Alireza Valizadeh
high-latin,i18n/_combined_index.fa.json,About NeuroTRACT Association,About NeuroTRACT Association,About Association
high-latin,i18n/_combined_index.fa.json,Completion Details,Completion Details,Completion Details
high-latin,i18n/_combined_index.fa.json,One full year (2023-2024),One full year (۲۰۲۳-۲۰۲۴),One full year
high-latin,i18n/_combined_index.fa.json,13 sessions,۱۳ sessions,sessions
high-latin,i18n/_combined_index.fa.json,11 sessions,۱۱ sessions,sessions
high-latin,i18n/_combined_index.fa.json,10 sessions,۱۰ sessions,sessions
high-latin,i18n/_combined_index.fa.json,All phases completed,All phases completed,All phases completed
high-latin,i18n/_combined_index.fa.json,Curriculum Base:,Curriculum Base:,Curriculum Base
high-latin,i18n/_combined_index.fa.json,Instruction Language:,Instruction Language:,Instruction Language
high-latin,i18n/_combined_index.fa.json,30+ distinguished professors,۳۰+ distinguished professors,distinguished professors
high-latin,i18n/_combined_index.fa.json,Knowledge Domains,Knowledge Domains,Knowledge Domains
high-latin,i18n/_combined_index.fa.json,Basic:,Basic:,Basic
high-latin,i18n/_combined_index.fa.json,"Neuroanatomy, physiology, signaling","Neuroanatomy, physiology, signaling",Neuroanatomy physiology signaling
high-latin,i18n/_combined_index.fa.json,Neurological & psychiatric disorders,Neurological و psychiatric disorders,Neurological psychiatric disorders
high-latin,i18n/_combined_index.fa.json,Higher brain functions,Higher مغز functions,Higher functions
high-latin,i18n/_combined_index.fa.json,Personal Achievement & Impact,Personal Achievement و Impact,Personal Achievement Impact
high-latin,i18n/_combined_index.fa.json,Sustained Commitment:,Sustained Commitment:,Sustained Commitment
high-latin,i18n/_combined_index.fa.json,International Standards:,International Standards:,International Standards
high-latin,i18n/_combined_index.fa.json,Breadth of Knowledge:,Breadth از Knowledge:,Breadth Knowledge
high-latin,i18n/_combined_index.fa.json,Distinguished faculty:,Distinguished faculty:,Distinguished faculty
high-latin,i18n/_combined_index.fa.json,4-Day Intensive Program (12 hours hands-on),۴-Day Intensive Program (۱۲ hours hands-on),Day Intensive Program hours hands-on
high-latin,i18n/_combined_index.fa.json,"DNA Extraction, RT-PCR, Real-Time PCR, Gene Expression Analysis","DNA Extraction, RT-PCR, Real-Time PCR, Gene Expression تحلیل",DNA Extraction RT-PCR Real-Time PCR Gene Expression
high-latin,i18n/_combined_index.fa.json,4 assessment-focused courses (9 credits),۴ assessment-focused courses (۹ واحد),assessment-focused courses
high-latin,i18n/_combined_index.fa.json,"WAIS-IV, WISC-IV, NEO-PI-R, MMPI, Psychometric Analysis","WAIS-IV, WISC-IV, NEO-PI-R, MMPI, Psychometric تحلیل",WAIS-IV WISC-IV NEO-PI-R MMPI Psychometric
high-latin,i18n/_combined_index.fa.json,"Neuroimaging, Signal Processing, Brain Stimulation","Neuroimaging, Signal Processing, Brain Stimulation",Neuroimaging Signal Processing Brain Stimulation
high-latin,i18n/_combined_index.fa.json,"fMRI, EEG, MEG, TMS, tDCS, VR systems","fMRI, EEG, MEG, TMS, tDCS, VR systems",MEG TMS tDCS VR systems
high-latin,i18n/_combined_index.fa.json,Molecular Techniques,Molecular Techniques,Molecular Techniques
high-latin,i18n/_combined_index.fa.json,"DNA extraction, PCR, RT-PCR, qPCR, gene expression analysis, spectrophotometry","DNA extraction, PCR, RT-PCR, qPCR, gene expression تحلیل, spectrophotometry",DNA extraction PCR RT-PCR qPCR gene expression spectrophotometry
high-latin,i18n/_combined_index.fa.json,Psychometric Skills,Psychometric Skills,Psychometric Skills
high-latin,i18n/_combined_index.fa.json,Neuroimaging Exposure,Neuroimaging Exposure,Neuroimaging Exposure
high-latin,i18n/_combined_index.fa.json,"Psychometrics & Assessment Training | Tehran, Iran","Psychometrics و Assessment Training | Tehran, Iran",Psychometrics Assessment Training
high-latin,i18n/_combined_index.fa.json,2 (1 Theoretical + 1 Practical) •,۲ (۱ Theoretical + ۱ Practical) •,Theoretical Practical
high-latin,i18n/_combined_index.fa.json,Test construction and validation principles,Test construction و validation principles,Test construction validation principles
high-latin,i18n/_combined_index.fa.json,Psychological Tests 1 (Fall 2021),Psychological Tests ۱ (Fall ۲۰۲۱),Psychological Tests Fall
high-latin,i18n/_combined_index.fa.json,Focus: Intelligence Assessment,Focus: Intelligence Assessment,Focus Intelligence Assessment
high-latin,i18n/_combined_index.fa.json,Child intelligence assessment protocols,Child intelligence assessment protocols,Child intelligence assessment protocols
high-latin,i18n/_combined_index.fa.json,Clinical interpretation of subtest patterns,بالینی interpretation از subtest patterns,interpretation subtest patterns
high-latin,i18n/_combined_index.fa.json,Ethical considerations in intelligence testing,Ethical considerations در intelligence testing,Ethical considerations intelligence testing
high-latin,i18n/_combined_index.fa.json,Psychological Tests 2 (Spring 2023),Psychological Tests ۲ (Spring ۲۰۲۳),Psychological Tests Spring
high-latin,i18n/_combined_index.fa.json,Focus: Personality & Clinical Assessment,Focus: Personality و بالینی Assessment,Focus Personality Assessment
high-latin,i18n/_combined_index.fa.json,Five-Factor Model personality assessment,Five-Factor Model personality assessment,Five-Factor Model personality assessment
high-latin,i18n/_combined_index.fa.json,Clinical personality inventory administration,بالینی personality inventory administration,personality inventory administration
high-latin,i18n/_combined_index.fa.json,Projective Tests:,Projective Tests:,Projective Tests
high-latin,i18n/_combined_index.fa.json,"TAT, Rorschach introduction","TAT, Rorschach introduction",TAT Rorschach introduction
high-latin,i18n/_combined_index.fa.json,3 (2 Theoretical + 1 Practical) •,۳ (۲ Theoretical + ۱ Practical) •,Theoretical Practical
high-latin,i18n/_combined_index.fa.json,Laboratory equipment operation and experimental protocols,Laboratory equipment operation و experimental protocols,Laboratory equipment operation experimental protocols
high-latin,i18n/_combined_index.fa.json,Data collection in controlled laboratory settings,داده collection در controlled laboratory settings,collection controlled laboratory settings
high-latin,i18n/_combined_index.fa.json,Experimental design implementation and execution,Experimental design implementation و execution,Experimental design implementation execution
high-latin,i18n/_combined_index.fa.json,Cumulative Training Statistics,Cumulative Training آمار,Cumulative Training
high-latin,i18n/_combined_index.fa.json,4 assessment-focused courses,۴ assessment-focused courses,assessment-focused courses
high-latin,i18n/_combined_index.fa.json,Time Period:,Time Period:,Time Period
high-latin,i18n/_combined_index.fa.json,Intelligence Testing:,Intelligence Testing:,Intelligence Testing
high-latin,i18n/_combined_index.fa.json,"WAIS-IV, WISC-IV","WAIS-IV, WISC-IV",WAIS-IV WISC-IV
high-latin,i18n/_combined_index.fa.json,Personality Assessment:,Personality Assessment:,Personality Assessment
high-latin,i18n/_combined_index.fa.json,"NEO-PI-R, MMPI","NEO-PI-R, MMPI",NEO-PI-R MMPI
high-latin,i18n/_combined_index.fa.json,"BDI-II, BAI, screening tools","BDI-II, BAI, screening tools",BDI-II BAI screening tools
high-latin,i18n/_combined_index.fa.json,Training Context & Learning Environment,Training Context و Learning Environment,Training Context Learning Environment
high-latin,i18n/_combined_index.fa.json,Administer standardized tests:,Administer standardized tests:,Administer standardized tests
high-latin,i18n/_combined_index.fa.json,Score assessments accurately:,Score assessments accurately:,Score assessments accurately
high-latin,i18n/_combined_index.fa.json,Manual scoring and interpretation of results,Manual scoring و interpretation از results,Manual scoring interpretation results
high-latin,i18n/_combined_index.fa.json,Structured and semi-structured interview techniques,Structured و semi-structured interview techniques,Structured semi-structured interview techniques
high-latin,i18n/_combined_index.fa.json,Observe behavior systematically:,Observe behavior systematically:,Observe behavior systematically
high-latin,i18n/_combined_index.fa.json,Write professional reports:,Write professional reports:,Write professional reports
high-latin,i18n/_combined_index.fa.json,Apply ethical standards:,Apply ethical standards:,Apply ethical standards
high-latin,i18n/_combined_index.fa.json,Test Administration,Test Administration,Test Administration
high-latin,i18n/_combined_index.fa.json,Scoring Accuracy,Scoring Accuracy,Scoring Accuracy
high-latin,i18n/_combined_index.fa.json,Report Writing,Report Writing,Report Writing
high-latin,i18n/_combined_index.fa.json,Ethical Practice,Ethical Practice,Ethical Practice
high-latin,i18n/_combined_index.fa.json,Neuroimaging & Image Processing Lab,Neuroimaging و Image Processing Lab,Neuroimaging Image Processing Lab
high-latin,i18n/_combined_index.fa.json,Signal Processing & Electrophysiology Lab,Signal Processing و Electrophysiology Lab,Signal Processing Electrophysiology Lab
high-latin,i18n/_combined_index.fa.json,"EEG, MEG, and electrophysiological recording systems","EEG, MEG, و electrophysiological recording systems",MEG electrophysiological recording systems
high-latin,i18n/_combined_index.fa.json,Brain Stimulation & Cognitive Rehabilitation Lab,Brain Stimulation و شناختی Rehabilitation Lab,Brain Stimulation Rehabilitation Lab
high-latin,i18n/_combined_index.fa.json,TMS and tDCS equipment for brain stimulation,TMS و tDCS equipment برای brain stimulation,TMS tDCS equipment brain stimulation
high-latin,i18n/_combined_index.fa.json,Virtual reality therapeutic applications,Virtual reality therapeutic applications,Virtual reality therapeutic applications
high-latin,i18n/_combined_index.fa.json,Eye-tracking technology demonstration,Eye-tracking technology demonstration,Eye-tracking technology demonstration
high-latin,i18n/_combined_index.fa.json,Range:,Range:,Range
high-latin,i18n/_combined_index.fa.json,"Psychopathology, Counseling, Clinical Practice","Psychopathology, Counseling, بالینی Practice",Psychopathology Counseling Practice
high-latin,i18n/_combined_index.fa.json,Focus Areas:,Focus Areas:,Focus Areas
high-latin,i18n/_combined_index.fa.json,"Lifespan Development, Family Systems, Social Psychology","Lifespan Development, Family Systems, Social روان‌شناسی",Lifespan Development Family Systems Social
high-latin,i18n/_combined_index.fa.json,1 Practical •,۱ Practical •,Practical
high-latin,i18n/_combined_index.fa.json,2 Practical •,۲ Practical •,Practical
high-latin,i18n/_combined_index.fa.json,1 (0.5 Theo + 0.5 Prac) •,۱ (۰.۵ Theo + ۰.۵ Prac) •,Theo Prac
high-latin,i18n/_combined_index.fa.json,"Special Needs, Addiction, Rehabilitation","Special Needs, Addiction, Rehabilitation",Special Needs Addiction Rehabilitation
high-latin,i18n/_combined_index.fa.json,3 Theoretical •,۳ Theoretical •,Theoretical
high-latin,i18n/_combined_index.fa.json,1 Theoretical •,۱ Theoretical •,Theoretical
high-latin,i18n/_combined_index.fa.json,Summer Semester 2023-2024,Summer Semester ۲۰۲۳-۲۰۲۴,Summer Semester
high-latin,i18n/_combined_index.fa.json,"Persian, English, Technical English","Persian, English, Technical English",Persian English Technical English
high-latin,i18n/_combined_index.fa.json,Quantitative Foundations,Quantitative Foundations,Quantitative Foundations
high-latin,i18n/_combined_index.fa.json,2023 - 2024 • Hands-on Technical Training,۲۰۲۳ - ۲۰۲۴ • Hands-on Technical Training,Hands-on Technical Training
high-latin,i18n/_combined_index.fa.json,"👶 Developmental, Social & Personality","👶 Developmental, Social و Personality",Developmental Social Personality
high-latin,i18n/_combined_index.fa.json,🎯 Specialized & Professional Skills,🎯 Specialized و Professional Skills,Specialized Professional Skills
high-latin,i18n/_combined_index.fa.json,📚 General Education & Electives,📚 General Education و Electives,General Education Electives
high-latin,i18n/_combined_index.fa.json,Timeline:,Timeline:,Timeline
high-latin,i18n/_combined_index.fa.json,Pre-Registered,Pre-Registered,Pre-Registered
high-latin,i18n/_combined_index.fa.json,Service Workers,Service Workers,Workers
high-latin,i18n/_combined_index.fa.json,Workflow Templates,Workflow Templates,Workflow Templates
high-latin,i18n/_combined_index.fa.json,Mind Islands (THINK-360 Variant),Mind Islands (THINK-۳۶۰ Variant),THINK- Variant
high-latin,i18n/_combined_index.fa.json,FA/EN,FA/EN,FA EN
high-latin,i18n/_combined_index.fa.json,THINK-360 Lineage,THINK-۳۶۰ Lineage,THINK- Lineage
high-latin,i18n/_combined_index.fa.json,Psychoeducation,Psychoeducation,Psychoeducation
high-latin,i18n/_combined_index.fa.json,Islands of Your Mind (Book),Islands از Your Mind (Book),Your Book
high-latin,i18n/_combined_index.fa.json,Neural Mechanisms of Cognitive–Emotional Integration,Neural Mechanisms از شناختی–Emotional Integration,Neural Mechanisms Emotional Integration
high-latin,i18n/_combined_index.fa.json,✓ PUBLISHED PREPRINT,✓ PUBLISHED PREPRINT,PUBLISHED PREPRINT
high-latin,i18n/_combined_index.fa.json,📖 FINAL MANUSCRIPT,📖 FINAL MANUSCRIPT,FINAL MANUSCRIPT
high-latin,i18n/_combined_index.fa.json,Beauty Filters & Adolescent Self-Perception (Neurocognitive Framework),Beauty Filters و Adolescent Self-Perception (Neurocognitive چارچوب),Beauty Filters Adolescent Self-Perception Neurocognitive
high-latin,i18n/_combined_index.fa.json,🔬 OSF / PROJECT PAGE,🔬 OSF / PROJECT PAGE,PROJECT PAGE
high-latin,i18n/_combined_index.fa.json,Subtitle:,Subtitle:,Subtitle
high-latin,i18n/_combined_index.fa.json,Kavico website,Kavico website,website
high-latin,i18n/_combined_index.fa.json,SciPy,SciPy,SciPy
high-latin,i18n/_combined_index.fa.json,tidyverse,tidyverse,tidyverse
high-latin,i18n/_combined_index.fa.json,Gene expression,Gene expression,Gene expression
high-latin,i18n/_combined_index.fa.json,Statistical inference & reliability,آماری inference و reliability,inference reliability
high-latin,i18n/_combined_index.fa.json,BI,BI,BI
high-latin,i18n/_combined_index.fa.json,TypeScript,TypeScript,TypeScript
high-latin,i18n/_combined_index.fa.json,Tableau,Tableau,Tableau
high-latin,i18n/_combined_index.fa.json,Power BI,Power BI,Power BI
high-latin,i18n/_combined_index.fa.json,DAX,DAX,DAX
high-latin,i18n/_combined_index.fa.json,RT‑PCR,RT‑PCR,RT PCR
high-latin,i18n/_combined_index.fa.json,scikit‑learn,scikit‑learn,scikit learn
high-latin,i18n/_combined_index.fa.json,React,React,React
high-latin,i18n/_combined_index.fa.json,Reproducible reporting,Reproducible reporting,Reproducible reporting
high-latin,i18n/_combined_index.fa.json,Psychophysiology & biofeedback,Psychophysiology و biofeedback,Psychophysiology biofeedback
high-latin,i18n/_combined_index.fa.json,rstan,rstan,rstan
high-latin,i18n/_combined_index.fa.json,Technical toolkit,Technical toolkit,Technical toolkit
high-latin,i18n/_combined_index.fa.json,Computational modeling & decision‑making,Computational modeling و decision‑making,Computational modeling decision making
high-latin,i18n/_combined_index.fa.json,matplotlib,matplotlib,matplotlib
high-latin,i18n/_combined_index.fa.json,Recharts,Recharts,Recharts
high-latin,i18n/_combined_index.fa.json,Portfolio: THINK‑360+,Portfolio: THINK‑۳۶۰+,Portfolio
high-latin,i18n/_combined_index.fa.json,OSF (preprints / registrations),OSF (preprints / registrations),preprints registrations
high-latin,i18n/_combined_index.fa.json,Frequent use,Frequent use,Frequent use
high-latin,i18n/_combined_index.fa.json,Meaning,Meaning,Meaning
high-latin,i18n/_combined_index.fa.json,E+,E+,E
high-latin,i18n/_combined_index.fa.json,HRV Biofeedback,HRV Biofeedback,Biofeedback
high-latin,i18n/_combined_index.fa.json,KIA Coating,KIA Coating,Coating
high-latin,i18n/_combined_index.fa.json,TOEFL Academic,TOEFL Academic,Academic
high-latin,i18n/_combined_index.fa.json,E.M.E.R.G.E+,E.M.E.R.G.E+,E M E G E
high-latin,i18n/_combined_index.fa.json,PFC–Limbic Flexibility,PFC–Limbic Flexibility,Limbic Flexibility
high-latin,i18n/_combined_index.fa.json,Live demos (GitHub Pages),Live demos (GitHub Pages),Live demos Pages
high-latin,i18n/_combined_index.fa.json,Academic focus:,Academic focus:,Academic focus
high-latin,i18n/_combined_index.fa.json,2026: Laboratory Setup,۲۰۲۶: Laboratory Setup,Laboratory Setup
high-latin,i18n/_combined_index.fa.json,📄 Read Preprint (OSF),📄 Read Preprint (OSF),Read Preprint
high-latin,i18n/_combined_index.fa.json,🔍 Analytical Thinking,🔍 Analytical Thinking,Analytical Thinking
high-latin,i18n/_combined_index.fa.json,💡 Creative Thinking,💡 Creative Thinking,Creative Thinking
high-latin,i18n/_combined_index.fa.json,❓ Critical Thinking,❓ Critical Thinking,Critical Thinking
high-latin,i18n/_combined_index.fa.json,🎯 Strategic Thinking,🎯 Strategic Thinking,Strategic Thinking
high-latin,i18n/_combined_index.fa.json,💻 View Platform Code,💻 نما Platform Code,Platform Code
high-latin,i18n/_combined_index.fa.json,2025 Programs,۲۰۲۵ Programs,Programs
high-latin,i18n/_combined_index.fa.json,2024 Programs,۲۰۲۴ Programs,Programs
high-latin,i18n/_combined_index.fa.json,2023 Programs,۲۰۲۳ Programs,Programs
high-latin,i18n/_combined_index.fa.json,Basic Phase:,Basic Phase:,Basic Phase
high-latin,i18n/_combined_index.fa.json,Research Methods (Qualitative - Quantitative),پژوهش Methods (Qualitative - Quantitative),Methods Qualitative Quantitative
high-latin,i18n/_combined_index.fa.json,Psychological Tests 1,Psychological Tests ۱,Psychological Tests
high-latin,i18n/_combined_index.fa.json,Psychological Tests 2,Psychological Tests ۲,Psychological Tests
high-latin,i18n/_combined_index.fa.json,Highest:,Highest:,Highest
high-latin,i18n/_combined_index.fa.json,3 (2 Theo + 1 Prac) •,۳ (۲ Theo + ۱ Prac) •,Theo Prac
high-latin,i18n/_combined_index.fa.json,2 (1 Theo + 1 Prac) •,۲ (۱ Theo + ۱ Prac) •,Theo Prac
high-latin,i18n/_combined_index.fa.json,"SPSS, Psychometrics, Assessment","SPSS, Psychometrics, Assessment",SPSS Psychometrics Assessment
high-latin,i18n/_combined_index.fa.json,"Genomics Research Laboratory, Shahid Beheshti University • November 2025","Genomics پژوهش Laboratory, Shahid Beheshti University • November ۲۰۲۵",Genomics Laboratory Shahid Beheshti University November
high-latin,i18n/_combined_index.fa.json,Setting:,Setting:,Setting
high-latin,i18n/_combined_index.fa.json,Laboratory Techniques Mastered,Laboratory روش‌ها Mastered,Laboratory Mastered
high-latin,i18n/_combined_index.fa.json,DNA extraction protocols for neural tissue,DNA extraction protocols برای neural tissue,DNA extraction protocols neural tissue
high-latin,i18n/_combined_index.fa.json,Interpretation of spectrophotometric results,Interpretation از spectrophotometric results,Interpretation spectrophotometric results
high-latin,i18n/_combined_index.fa.json,RNA extraction and cDNA synthesis,RNA extraction و cDNA synthesis,RNA extraction cDNA synthesis
high-latin,i18n/_combined_index.fa.json,⚡ Real-Time PCR & Gene Expression Analysis,⚡ Real-Time PCR و Gene Expression تحلیل,Real-Time PCR Gene Expression
high-latin,i18n/_combined_index.fa.json,SYBR Green and TaqMan probe systems,SYBR Green و TaqMan probe systems,SYBR Green TaqMan probe systems
high-latin,i18n/_combined_index.fa.json,Neurological Disorders:,Neurological Disorders:,Neurological Disorders
high-latin,i18n/_combined_index.fa.json,Synaptic Plasticity:,Synaptic Plasticity:,Synaptic Plasticity
high-latin,i18n/_combined_index.fa.json,🔬 Technical Skills,🔬 Technical Skills,Technical Skills
high-latin,i18n/_combined_index.fa.json,Micropipetting precision and accuracy,Micropipetting precision و accuracy,Micropipetting precision accuracy
high-latin,i18n/_combined_index.fa.json,Laboratory equipment operation,Laboratory equipment operation,Laboratory equipment operation
high-latin,i18n/_combined_index.fa.json,Protocol adherence and troubleshooting,Protocol adherence و troubleshooting,Protocol adherence troubleshooting
high-latin,i18n/_combined_index.fa.json,Data recording and laboratory notebooks,داده recording و laboratory notebooks,recording laboratory notebooks
high-latin,i18n/_combined_index.fa.json,Quality control and validation,Quality control و validation,Quality control validation
high-latin,i18n/_combined_index.fa.json,Scientific reporting and documentation,Scientific reporting و documentation,Scientific reporting documentation
high-latin,i18n/_combined_index.fa.json,Laboratory safety protocols,Laboratory safety protocols,Laboratory safety protocols
high-latin,i18n/_combined_index.fa.json,Research integrity and reproducibility,پژوهش integrity و reproducibility,integrity reproducibility
high-latin,i18n/_combined_index.fa.json,Collaborative laboratory work,Collaborative laboratory work,Collaborative laboratory work
high-latin,i18n/_combined_index.fa.json,International Gold Certificate,International Gold Certificate,International Gold Certificate
high-latin,i18n/_combined_index.fa.json,Hands-on proficiency in essential molecular neuroscience techniques,Hands-on proficiency در essential molecular علوم اعصاب techniques,Hands-on proficiency essential molecular techniques
high-latin,i18n/_combined_index.fa.json,Techniques:,Techniques:,Techniques
high-latin,i18n/_combined_index.fa.json,Labs Visited:,Labs Visited:,Labs Visited
high-latin,i18n/_combined_index.fa.json,Equipment:,Equipment:,Equipment
high-latin,i18n/_combined_index.fa.json,This comprehensive laboratory training provides:,This comprehensive laboratory training provides:,This comprehensive laboratory training provides
high-latin,i18n/_combined_index.fa.json,Psychometric Expertise:,Psychometric Expertise:,Psychometric Expertise
high-latin,i18n/_combined_index.fa.json,Laboratory Competence:,Laboratory Competence:,Laboratory Competence
high-latin,i18n/_combined_index.fa.json,Interdisciplinary Integration:,Interdisciplinary Integration:,Interdisciplinary Integration
high-latin,i18n/_combined_index.fa.json,✓ COMPLETED • GRADE: A+ (92%),✓ COMPLETED • GRADE: A+ (۹۲%),COMPLETED GRADE A
high-latin,i18n/_combined_index.fa.json,✓ FINAL MANUSCRIPT,✓ FINAL MANUSCRIPT,FINAL MANUSCRIPT
high-latin,i18n/_combined_index.fa.json,📋 PRE-REGISTERED,📋 PRE-REGISTERED,PRE-REGISTERED
high-latin,i18n/_combined_index.fa.json,📋 PRE-REGISTERED PROTOCOL,📋 PRE-REGISTERED PROTOCOL,PRE-REGISTERED PROTOCOL
high-latin,i18n/_combined_index.fa.json,Since 2016 • Ongoing,Since ۲۰۱۶ • Ongoing,Since Ongoing
high-latin,i18n/_combined_index.fa.json,2019-2021: Full-Time,۲۰۱۹-۲۰۲۱: Full-Time,Full-Time
high-latin,i18n/_combined_index.fa.json,2021-Present: Part-Time,۲۰۲۱-Present: Part-Time,Present Part-Time
high-latin,i18n/_combined_index.fa.json,2020–Present • Project-based,۲۰۲۰–Present • Project-based,Present Project-based
high-latin,i18n/_combined_index.fa.json,Private Tutoring: 2016-Present,Private Tutoring: ۲۰۱۶-Present,Private Tutoring Present
high-latin,i18n/_combined_index.fa.json,School Consulting: 2025-Present (~1 year),School Consulting: ۲۰۲۵-Present (~۱ year),School Consulting Present year
high-latin,i18n/_combined_index.fa.json,Web • WordPress • Visual Design • SEO Readiness,وب • WordPress • Visual Design • SEO Readiness,Visual Design SEO Readiness
high-latin,i18n/_combined_index.fa.json,GPA: 18.23/20 (≈ 3.65/4.0),GPA: ۱۸.۲۳/۲۰ (≈ ۳.۶۵/۴.۰),GPA
high-latin,i18n/_combined_index.fa.json,Distinguished Faculty,Distinguished Faculty,Distinguished Faculty
high-latin,i18n/_combined_index.fa.json,Significance,Significance,Significance
high-latin,i18n/_combined_index.fa.json,Target Audience,Target Audience,Target Audience
high-latin,i18n/_combined_index.fa.json,Methodological Innovations,Methodological Innovations,Methodological Innovations
high-latin,i18n/_combined_index.fa.json,Topic Areas:,Topic Areas:,Topic Areas
high-latin,i18n/_combined_index.fa.json,About National School of Biotechnology,About National School از Biotechnology,About National School Biotechnology
high-latin,i18n/_combined_index.fa.json,About the National Brain Mapping Lab (NBML),About the National Brain Mapping Lab (NBML),About the National Brain Mapping Lab
high-latin,i18n/_combined_index.fa.json,Additional web apps,Additional web apps,Additional web apps
high-latin,i18n/_combined_index.fa.json,What I Built,What I Built,What I Built
high-latin,i18n/_combined_index.fa.json,Motivation,Motivation,Motivation
high-latin,i18n/_combined_index.fa.json,Downloads,Downloads,Downloads
high-latin,i18n/_combined_index.fa.json,Links,Links,Links
high-latin,i18n/_combined_index.fa.json,Related Links,Related Links,Related Links
high-latin,i18n/deap.fa.json,"r = -0.285, p = 0.114, n = 32",r = -۰.۲۸۵، p = ۰.۱۱۴، n = ۳۲,n
high-latin,i18n/deap.fa.json,"β = 0.006, p = 0.196, n = 1,148","β = ۰.۰۰۶، p = ۰.۱۹۶، n = ۱,۱۴۸",n
high-latin,i18n/emerge.fa.json,Meaning,Meaning,Meaning
high-latin,i18n/emerge.fa.json,E+,E+,E
high-latin,i18n/emerge.fa.json,EN,EN,EN
high-latin,i18n/emerge.fa.json,IT,IT,IT
high-latin,i18n/emerge.fa.json,Download PDF,Download PDF,Download
high-latin,i18n/emerge.fa.json,Download DOCX,Download DOCX,Download
high-latin,i18n/emerge.fa.json,Alt PDF,Alt PDF,Alt
high-latin,i18n/emerge.fa.json,GitHub (code + outputs),GitHub (code + outputs),code outputs
high-latin,i18n/hrv.fa.json,HRV Biofeedback Study,HRV Biofeedback Study,Biofeedback Study
high-latin,i18n/hrv.fa.json,Parallel-group RCT,Parallel-group RCT,Parallel-group
high-latin,i18n/hrv.fa.json,20 min HRV-BF,۲۰ min HRV-BF,min HRV-BF
high-latin,i18n/hrv.fa.json,"t = 3.58, p = 0.0005, d = 0.57","t = ۳.۵۸, p = ۰.۰۰۰۵, d = ۰.۵۷",t d
high-latin,i18n/hrv.fa.json,ΔlogRMSSD (Manipulation),ΔlogRMSSD (Manipulation),Manipulation
high-latin,i18n/hrv.fa.json,"p = 0.0005, d = 0.57",p = ۰.۰۰۰۵، d = ۰.۵۷,d
high-latin,i18n/hrv.fa.json,EV_rel (Primary Outcome),EV_rel (Primary Outcome),Primary Outcome
high-latin,i18n/hrv.fa.json,"p = 0.0005, d = 0.56",p = ۰.۰۰۰۵، d = ۰.۵۶,d
high-latin,i18n/hrv.fa.json,β (Inverse Temperature),β (Inverse Temperature),Inverse Temperature
high-latin,i18n/hrv.fa.json,"p = 0.746, d = -0.05",p = ۰.۷۴۶، d = -۰.۰۵,d
high-latin,i18n/hrv.fa.json,|α⁺ - α⁻| (Learning Asymmetry),|α⁺ - α⁻| (Learning Asymmetry),Learning Asymmetry
high-latin,i18n/hrv.fa.json,"p = 0.607, d = 0.08",p = ۰.۶۰۷، d = ۰.۰۸,d
high-latin,i18n/hrv.fa.json,κ (Perseveration),κ (Perseveration),Perseveration
high-latin,i18n/hrv.fa.json,"p = 0.926, d = -0.01",p = ۰.۹۲۶، d = -۰.۰۱,d
high-latin,i18n/hrv.fa.json,"r = 0.40, p < 0.001, 95% CI [0.26, 0.52]","r = ۰.۴۰, p < ۰.۰۰۱, ۹۵% CI [۰.۲۶, ۰.۵۲]",CI
high-latin,i18n/hrv.fa.json,H4 Supported,H۴ Supported,Supported
high-latin,i18n/hrv.fa.json,Principal Investigator: Amirmohammad Lotfifar | N = 160 | Pre-registered Protocol,Principal Investigator: Amirmohammad Lotfifar | N = ۱۶۰ | Pre-registered Protocol,Principal Investigator Pre-registered Protocol
high-latin,i18n/hrv.fa.json,Hypotheses Supported,Hypotheses Supported,Hypotheses Supported
high-latin,i18n/hrv.fa.json,"H1, H2, H4 confirmed","H۱, H۲, H۴ confirmed",confirmed
high-latin,i18n/hrv.fa.json,H2: Mediation,H۲: Mediation,Mediation
high-latin,i18n/hrv.fa.json,Not Supported,Not Supported,Not Supported
high-latin,i18n/index.dashboards.fa.json,Meaning,Meaning,Meaning
high-latin,i18n/index.dashboards.fa.json,E+,E+,E
high-latin,i18n/index.dashboards.fa.json,HRV Biofeedback,HRV Biofeedback,Biofeedback
high-latin,i18n/index.dashboards.fa.json,KIA Coating,KIA Coating,Coating
high-latin,i18n/index.dashboards.fa.json,TOEFL Academic,TOEFL Academic,Academic
high-latin,i18n/index.dashboards.fa.json,E.M.E.R.G.E+,E.M.E.R.G.E+,E M E G E
high-latin,i18n/index.dashboards.fa.json,PFC–Limbic Flexibility,PFC–Limbic Flexibility,Limbic Flexibility
high-latin,i18n/index.dashboards.fa.json,Live demos (GitHub Pages),Live demos (GitHub Pages),Live demos Pages
high-latin,i18n/index.details.fa.json,Academic focus:,Academic focus:,Academic focus
high-latin,i18n/index.details.fa.json,2026: Laboratory Setup,۲۰۲۶: Laboratory Setup,Laboratory Setup
high-latin,i18n/index.details.fa.json,📄 Read Preprint (OSF),📄 Read Preprint (OSF),Read Preprint
high-latin,i18n/index.details.fa.json,🔍 Analytical Thinking,🔍 Analytical Thinking,Analytical Thinking
high-latin,i18n/index.details.fa.json,💡 Creative Thinking,💡 Creative Thinking,Creative Thinking
high-latin,i18n/index.details.fa.json,❓ Critical Thinking,❓ Critical Thinking,Critical Thinking
high-latin,i18n/index.details.fa.json,🎯 Strategic Thinking,🎯 Strategic Thinking,Strategic Thinking
high-latin,i18n/index.details.fa.json,💻 View Platform Code,💻 نما Platform Code,Platform Code
high-latin,i18n/index.details.fa.json,2025 Programs,۲۰۲۵ Programs,Programs
high-latin,i18n/index.details.fa.json,2024 Programs,۲۰۲۴ Programs,Programs
high-latin,i18n/index.details.fa.json,2023 Programs,۲۰۲۳ Programs,Programs
high-latin,i18n/index.details.fa.json,Basic Phase:,Basic Phase:,Basic Phase
high-latin,i18n/index.details.fa.json,Research Methods (Qualitative - Quantitative),پژوهش Methods (Qualitative - Quantitative),Methods Qualitative Quantitative
high-latin,i18n/index.details.fa.json,Psychological Tests 1,Psychological Tests ۱,Psychological Tests
high-latin,i18n/index.details.fa.json,Psychological Tests 2,Psychological Tests ۲,Psychological Tests
high-latin,i18n/index.details.fa.json,Highest:,Highest:,Highest
high-latin,i18n/index.details.fa.json,3 (2 Theo + 1 Prac) •,۳ (۲ Theo + ۱ Prac) •,Theo Prac
high-latin,i18n/index.details.fa.json,2 (1 Theo + 1 Prac) •,۲ (۱ Theo + ۱ Prac) •,Theo Prac
high-latin,i18n/index.details.fa.json,"SPSS, Psychometrics, Assessment","SPSS, Psychometrics, Assessment",SPSS Psychometrics Assessment
high-latin,i18n/index.details.fa.json,"Genomics Research Laboratory, Shahid Beheshti University • November 2025","Genomics پژوهش Laboratory, Shahid Beheshti University • November ۲۰۲۵",Genomics Laboratory Shahid Beheshti University November
high-latin,i18n/index.details.fa.json,Setting:,Setting:,Setting
high-latin,i18n/index.details.fa.json,Laboratory Techniques Mastered,Laboratory روش‌ها Mastered,Laboratory Mastered
high-latin,i18n/index.details.fa.json,DNA extraction protocols for neural tissue,DNA extraction protocols برای neural tissue,DNA extraction protocols neural tissue
high-latin,i18n/index.details.fa.json,Interpretation of spectrophotometric results,Interpretation از spectrophotometric results,Interpretation spectrophotometric results
high-latin,i18n/index.details.fa.json,RNA extraction and cDNA synthesis,RNA extraction و cDNA synthesis,RNA extraction cDNA synthesis
high-latin,i18n/index.details.fa.json,⚡ Real-Time PCR & Gene Expression Analysis,⚡ Real-Time PCR و Gene Expression تحلیل,Real-Time PCR Gene Expression
high-latin,i18n/index.details.fa.json,SYBR Green and TaqMan probe systems,SYBR Green و TaqMan probe systems,SYBR Green TaqMan probe systems
high-latin,i18n/index.details.fa.json,Neurological Disorders:,Neurological Disorders:,Neurological Disorders
high-latin,i18n/index.details.fa.json,Synaptic Plasticity:,Synaptic Plasticity:,Synaptic Plasticity
high-latin,i18n/index.details.fa.json,🔬 Technical Skills,🔬 Technical Skills,Technical Skills
high-latin,i18n/index.details.fa.json,Micropipetting precision and accuracy,Micropipetting precision و accuracy,Micropipetting precision accuracy
high-latin,i18n/index.details.fa.json,Laboratory equipment operation,Laboratory equipment operation,Laboratory equipment operation
high-latin,i18n/index.details.fa.json,Protocol adherence and troubleshooting,Protocol adherence و troubleshooting,Protocol adherence troubleshooting
high-latin,i18n/index.details.fa.json,Data recording and laboratory notebooks,داده recording و laboratory notebooks,recording laboratory notebooks
high-latin,i18n/index.details.fa.json,Quality control and validation,Quality control و validation,Quality control validation
high-latin,i18n/index.details.fa.json,Scientific reporting and documentation,Scientific reporting و documentation,Scientific reporting documentation
high-latin,i18n/index.details.fa.json,Laboratory safety protocols,Laboratory safety protocols,Laboratory safety protocols
high-latin,i18n/index.details.fa.json,Research integrity and reproducibility,پژوهش integrity و reproducibility,integrity reproducibility
high-latin,i18n/index.details.fa.json,Collaborative laboratory work,Collaborative laboratory work,Collaborative laboratory work
high-latin,i18n/index.details.fa.json,International Gold Certificate,International Gold Certificate,International Gold Certificate
high-latin,i18n/index.details.fa.json,Hands-on proficiency in essential molecular neuroscience techniques,Hands-on proficiency در essential molecular علوم اعصاب techniques,Hands-on proficiency essential molecular techniques
high-latin,i18n/index.details.fa.json,Techniques:,Techniques:,Techniques
high-latin,i18n/index.details.fa.json,Labs Visited:,Labs Visited:,Labs Visited
high-latin,i18n/index.details.fa.json,Equipment:,Equipment:,Equipment
high-latin,i18n/index.details.fa.json,This comprehensive laboratory training provides:,This comprehensive laboratory training provides:,This comprehensive laboratory training provides
high-latin,i18n/index.details.fa.json,Psychometric Expertise:,Psychometric Expertise:,Psychometric Expertise
high-latin,i18n/index.details.fa.json,Laboratory Competence:,Laboratory Competence:,Laboratory Competence
high-latin,i18n/index.details.fa.json,Interdisciplinary Integration:,Interdisciplinary Integration:,Interdisciplinary Integration
high-latin,i18n/index.details.fa.json,✓ COMPLETED • GRADE: A+ (92%),✓ COMPLETED • GRADE: A+ (۹۲%),COMPLETED GRADE A
high-latin,i18n/index.details.fa.json,✓ PUBLISHED PREPRINT,✓ PUBLISHED PREPRINT,PUBLISHED PREPRINT
high-latin,i18n/index.details.fa.json,✓ FINAL MANUSCRIPT,✓ FINAL MANUSCRIPT,FINAL MANUSCRIPT
high-latin,i18n/index.details.fa.json,📋 PRE-REGISTERED,📋 PRE-REGISTERED,PRE-REGISTERED
high-latin,i18n/index.details.fa.json,📋 PRE-REGISTERED PROTOCOL,📋 PRE-REGISTERED PROTOCOL,PRE-REGISTERED PROTOCOL
high-latin,i18n/index.details.fa.json,Since 2016 • Ongoing,Since ۲۰۱۶ • Ongoing,Since Ongoing
high-latin,i18n/index.details.fa.json,2019-2021: Full-Time,۲۰۱۹-۲۰۲۱: Full-Time,Full-Time
high-latin,i18n/index.details.fa.json,2021-Present: Part-Time,۲۰۲۱-Present: Part-Time,Present Part-Time
high-latin,i18n/index.details.fa.json,2020–Present • Project-based,۲۰۲۰–Present • Project-based,Present Project-based
high-latin,i18n/index.details.fa.json,Private Tutoring: 2016-Present,Private Tutoring: ۲۰۱۶-Present,Private Tutoring Present
high-latin,i18n/index.details.fa.json,School Consulting: 2025-Present (~1 year),School Consulting: ۲۰۲۵-Present (~۱ year),School Consulting Present year
high-latin,i18n/index.details.fa.json,Web • WordPress • Visual Design • SEO Readiness,وب • WordPress • Visual Design • SEO Readiness,Visual Design SEO Readiness
high-latin,i18n/index.details.fa.json,GPA: 18.23/20 (≈ 3.65/4.0),GPA: ۱۸.۲۳/۲۰ (≈ ۳.۶۵/۴.۰),GPA
high-latin,i18n/index.details.fa.json,Distinguished Faculty,Distinguished Faculty,Distinguished Faculty
high-latin,i18n/index.details.fa.json,Significance,Significance,Significance
high-latin,i18n/index.details.fa.json,Target Audience,Target Audience,Target Audience
high-latin,i18n/index.details.fa.json,Methodological Innovations,Methodological Innovations,Methodological Innovations
high-latin,i18n/index.details.fa.json,Topic Areas:,Topic Areas:,Topic Areas
high-latin,i18n/index.details.fa.json,About National School of Biotechnology,About National School از Biotechnology,About National School Biotechnology
high-latin,i18n/index.details.fa.json,About the National Brain Mapping Lab (NBML),About the National Brain Mapping Lab (NBML),About the National Brain Mapping Lab
high-latin,i18n/index.details.fa.json,Additional web apps,Additional web apps,Additional web apps
high-latin,i18n/index.details.fa.json,What I Built,What I Built,What I Built
high-latin,i18n/index.details.fa.json,Motivation,Motivation,Motivation
high-latin,i18n/index.details.fa.json,Downloads,Downloads,Downloads
high-latin,i18n/index.details.fa.json,Links,Links,Links
high-latin,i18n/index.details.fa.json,Related Links,Related Links,Related Links
high-latin,i18n/index.education.fa.json,Quantitative Foundations,Quantitative Foundations,Quantitative Foundations
high-latin,i18n/index.education.fa.json,2023 - 2024 • Hands-on Technical Training,۲۰۲۳ - ۲۰۲۴ • Hands-on Technical Training,Hands-on Technical Training
high-latin,i18n/index.education.fa.json,"👶 Developmental, Social & Personality","👶 Developmental, Social و Personality",Developmental Social Personality
high-latin,i18n/index.education.fa.json,🎯 Specialized & Professional Skills,🎯 Specialized و Professional Skills,Specialized Professional Skills
high-latin,i18n/index.education.fa.json,📚 General Education & Electives,📚 General Education و Electives,General Education Electives
high-latin,i18n/index.experience.fa.json,Kavico website,Kavico website,website
high-latin,i18n/index.fa.json,HRV Biofeedback RCT,HRV Biofeedback RCT,Biofeedback
high-latin,i18n/index.fa.json,Vernier Go Direct Belt (50 Hz piezoelectric),Vernier Go Direct Belt (۵۰ Hz piezoelectric),Go Direct Belt Hz piezoelectric
high-latin,i18n/index.fa.json,"R 4.3.1 (lme4, brms, Stan, mediation, BayesFactor, ggplot2)","R ۴.۳.۱ (lme۴, brms, Stan, mediation, BayesFactor, ggplot۲)",mediation BayesFactor
high-latin,i18n/index.fa.json,0.80 for d=0.50 at α=0.05 → N=128 required (160 enrolled for 20% attrition),۰.۸۰ برای d=۰.۵۰ at α=۰.۰۵ → N=۱۲۸ required (۱۶۰ enrolled برای ۲۰% attrition),d at required enrolled attrition
high-latin,i18n/index.fa.json,Inverse temperature (β) for exploitation/exploration,Inverse temperature (β) برای exploitation/exploration,Inverse temperature exploitation exploration
high-latin,i18n/index.fa.json,Perseveration parameter (κ) for habitual repetition,Perseveration parameter (κ) برای habitual repetition,Perseveration parameter habitual repetition
high-latin,i18n/index.fa.json,Accounts for individual differences and uncertainty,Accounts برای individual differences و uncertainty,Accounts individual differences uncertainty
high-latin,i18n/index.fa.json,Technologies Used,Technologies Used,Technologies Used
high-latin,i18n/index.fa.json,Core:,Core:,Core
high-latin,i18n/index.fa.json,"HTML5, CSS3, Vanilla JavaScript ES6+","HTML۵, CSS۳, Vanilla JavaScript ES۶+",Vanilla
high-latin,i18n/index.fa.json,Storage:,Storage:,Storage
high-latin,i18n/index.fa.json,Mobile:,Mobile:,Mobile
high-latin,i18n/index.fa.json,Desktop:,Desktop:,Desktop
high-latin,i18n/index.fa.json,Install:,Install:,Install
high-latin,i18n/index.fa.json,Development Challenges & Solutions,Development Challenges و Solutions,Development Challenges Solutions
high-latin,i18n/index.fa.json,Technical Challenges Solved,Technical Challenges Solved,Technical Challenges Solved
high-latin,i18n/index.fa.json,Challenge 1: Bilingual Content Management,چالش ۱: Bilingual Content Management,Bilingual Content Management
high-latin,i18n/index.fa.json,Design Philosophy,Design Philosophy,Design Philosophy
high-latin,i18n/index.fa.json,Progressive Disclosure:,Progressive Disclosure:,Progressive Disclosure
high-latin,i18n/index.fa.json,Consistent Patterns:,Consistent Patterns:,Consistent Patterns
high-latin,i18n/index.fa.json,Visual Hierarchy:,Visual Hierarchy:,Visual Hierarchy
high-latin,i18n/index.fa.json,Feedback Loops:,Feedback Loops:,Feedback Loops
high-latin,i18n/index.fa.json,Impact & Usage,Impact و Usage,Impact Usage
high-latin,i18n/index.fa.json,Skills Demonstrated,Skills Demonstrated,Skills Demonstrated
high-latin,i18n/index.fa.json,User-Centered Design,User-Centered Design,User-Centered Design
high-latin,i18n/index.fa.json,Planned Enhancements,Planned Enhancements,Planned Enhancements
high-latin,i18n/index.fa.json,Progress Analytics:,Progress Analytics:,Progress Analytics
high-latin,i18n/index.fa.json,Optional sharing of insights and exercise results,Optional sharing از insights و exercise results,Optional sharing insights exercise results
high-latin,i18n/index.fa.json,Audio Content:,Audio Content:,Audio Content
high-latin,i18n/index.fa.json,Gamification:,Gamification:,Gamification
high-latin,i18n/index.fa.json,Achievement system to encourage regular practice,Achievement system تا encourage regular practice,Achievement system encourage regular practice
high-latin,i18n/index.fa.json,API Integration:,API Integration:,API Integration
high-latin,i18n/index.fa.json,Project Significance,Project Significance,Project Significance
high-latin,i18n/index.fa.json,is an alternative implementation of,is an alternative implementation of,is an alternative implementation of
high-latin,i18n/index.fa.json,Goal:,Goal:,Goal
high-latin,i18n/index.fa.json,Relationship to THINK-360+,Relationship تا THINK-۳۶۰+,Relationship THINK-
high-latin,i18n/index.fa.json,Offline distribution:,Offline distribution:,Offline distribution
high-latin,i18n/index.fa.json,Content-first i18n:,Content-first i۱۸n:,Content-first
high-latin,i18n/index.fa.json,Thinking Islands:,Thinking Islands:,Thinking
high-latin,i18n/index.fa.json,Personalization:,Personalization:,Personalization
high-latin,i18n/index.fa.json,Offline-first PWA:,Offline-first PWA:,Offline-first
high-latin,i18n/index.fa.json,Tech Notes,Tech Notes,Tech Notes
high-latin,i18n/index.fa.json,Frontend:,Frontend:,Frontend
high-latin,i18n/index.fa.json,Deployment:,Deployment:,Deployment
high-latin,i18n/index.fa.json,Lineage:,Lineage:,Lineage
high-latin,i18n/index.fa.json,Full Citation,Full Citation,Full Citation
high-latin,i18n/index.fa.json,"Lotfifar, A. M., & Mohammadi, M. D. (2025).","Lotfifar, A. M., و Mohammadi, M. D. (۲۰۲۵).",A M M D
high-latin,i18n/index.fa.json,Affiliation:,Affiliation:,Affiliation
high-latin,i18n/index.fa.json,Abstract,Abstract,Abstract
high-latin,i18n/index.fa.json,Objective:,Objective:,Objective
high-latin,i18n/index.fa.json,Key Contributions,Key Contributions,Key Contributions
high-latin,i18n/index.fa.json,Artifact-Calibrated Pipeline:,Artifact-Calibrated Pipeline:,Artifact-Calibrated Pipeline
high-latin,i18n/index.fa.json,Within-Between Decomposition:,Within-Between Decomposition:,Within-Between Decomposition
high-latin,i18n/index.fa.json,Multiple Statistical Approaches:,Multiple Statistical Approaches:,Multiple Statistical Approaches
high-latin,i18n/index.fa.json,Small Effect Size:,Small Effect Size:,Small Effect Size
high-latin,i18n/index.fa.json,Between-Participant Effect:,Between-Participant Effect:,Between-Participant Effect
high-latin,i18n/index.fa.json,32 healthy adults,۳۲ healthy adults,healthy adults
high-latin,i18n/index.fa.json,Trials:,Trials:,Trials
high-latin,i18n/index.fa.json,Ratings:,Ratings:,Ratings
high-latin,i18n/index.fa.json,"Fp1, Fp2 (frontal)","Fp۱, Fp۲ (frontal)",frontal
high-latin,i18n/index.fa.json,Windows:,Windows:,Windows
high-latin,i18n/index.fa.json,Feature:,Feature:,Feature
high-latin,i18n/index.fa.json,Sample:,Sample:,Sample
high-latin,i18n/index.fa.json,Naive:,Naive:,Naive
high-latin,i18n/index.fa.json,Pearson correlation,Pearson correlation,Pearson correlation
high-latin,i18n/index.fa.json,Robust:,Robust:,Robust
high-latin,i18n/index.fa.json,Cluster-corrected SE,Cluster-corrected SE,Cluster-corrected SE
high-latin,i18n/index.fa.json,Mixed:,Mixed:,Mixed
high-latin,i18n/index.fa.json,Random-intercept models,Random-intercept models,Random-intercept models
high-latin,i18n/index.fa.json,Decomposition:,Decomposition:,Decomposition
high-latin,i18n/index.fa.json,Within-between effects,Within-between effects,Within-between effects
high-latin,i18n/index.fa.json,Technical Skills Demonstrated,Technical Skills Demonstrated,Technical Skills Demonstrated
high-latin,i18n/index.fa.json,EEG Signal Processing,EEG Signal Processing,Signal Processing
high-latin,i18n/index.fa.json,Mixed-Effects Modeling,Mixed-Effects Modeling,Mixed-Effects Modeling
high-latin,i18n/index.fa.json,Within-Between Decomposition,Within-Between Decomposition,Within-Between Decomposition
high-latin,i18n/index.fa.json,Artifact Detection,Artifact Detection,Artifact Detection
high-latin,i18n/index.fa.json,For Affective Computing:,For Affective Computing:,For Affective
high-latin,i18n/index.fa.json,Reproducible Pipeline:,Reproducible Pipeline:,Reproducible Pipeline
high-latin,i18n/index.fa.json,Transparent Reporting:,Transparent Reporting:,Transparent Reporting
high-latin,i18n/index.fa.json,Results made immediately available to research community,Results made immediately available تا پژوهش community,Results made immediately available community
high-latin,i18n/index.fa.json,Affective Computing,Affective Computing,Affective
high-latin,i18n/index.fa.json,Mixed Effects,Mixed Effects,Mixed Effects
high-latin,i18n/index.fa.json,Principal Investigator:,Principal Investigator:,Principal Investigator
high-latin,i18n/index.fa.json,Co-Principal Investigator:,Co-Principal Investigator:,Co-Principal Investigator
high-latin,i18n/index.fa.json,Melika Dabbagh Mohammadi (Independent Researcher),Melika Dabbagh Mohammadi (Independent Researcher),Independent Researcher
high-latin,i18n/index.fa.json,Sample Size:,Sample Size:,Sample Size
high-latin,i18n/index.fa.json,Intervention:,Intervention:,Intervention
high-latin,i18n/index.fa.json,Primary Outcome:,Primary Outcome:,Primary Outcome
high-latin,i18n/index.fa.json,Planned Location:,Planned Location:,Planned Location
high-latin,i18n/index.fa.json,Pre-registered protocol; data collection planned 2026-2027,Pre-registered protocol; داده collection planned ۲۰۲۶-۲۰۲۷,Pre-registered protocol collection planned
high-latin,i18n/index.fa.json,This investigation is grounded in the,This investigation is grounded در the,This investigation is grounded the
high-latin,i18n/index.fa.json,Core Hypothesis:,Core Hypothesis:,Core Hypothesis
high-latin,i18n/index.fa.json,Confirmatory Hypotheses (Pre-Registered),Confirmatory Hypotheses (Pre-Registered),Confirmatory Hypotheses Pre-Registered
high-latin,i18n/index.fa.json,Hypothesis:,Hypothesis:,Hypothesis
high-latin,i18n/index.fa.json,Predicted Effect:,Predicted Effect:,Predicted Effect
high-latin,i18n/index.fa.json,Controls:,Controls:,Controls
high-latin,i18n/index.fa.json,"Causal mediation with 5,000 bootstrap iterations","Causal mediation با ۵,۰۰۰ bootstrap iterations",Causal mediation bootstrap iterations
high-latin,i18n/index.fa.json,H3: Computational Mechanisms,H۳: Computational Mechanisms,Computational Mechanisms
high-latin,i18n/index.fa.json,Reduced decision noise (higher β),Reduced decision noise (higher β),Reduced decision noise higher
high-latin,i18n/index.fa.json,Exploratory Hypotheses,Exploratory Hypotheses,Exploratory Hypotheses
high-latin,i18n/index.fa.json,Rigorous Active Control,Rigorous Active Control,Rigorous Active Control
high-latin,i18n/index.fa.json,Single-Session Design,Single-Session Design,Single-Session Design
high-latin,i18n/index.fa.json,Respiratory Control,Respiratory Control,Respiratory Control
high-latin,i18n/index.fa.json,Analyst Blinding,Analyst Blinding,Analyst Blinding
high-latin,i18n/index.fa.json,Analysts blind until final database lock,Analysts blind until final database lock,Analysts blind until final database lock
high-latin,i18n/index.fa.json,Full Pre-Registration,Full Pre-Registration,Full Pre-Registration
high-latin,i18n/index.fa.json,Methodological Features,Methodological Features,Methodological Features
high-latin,i18n/index.fa.json,Provides an implementation‑ready agenda,Provides an implementation‑ready agenda,Provides an implementation ready agenda
high-latin,i18n/index.fa.json,Context sensitivity,Context sensitivity,Context sensitivity
high-latin,i18n/index.fa.json,Configurational diversity,Configurational diversity,Configurational diversity
high-latin,i18n/index.fa.json,Stage 1 (EEG‑only):,Stage ۱ (EEG‑only):,Stage only
high-latin,i18n/index.fa.json,Stage 2 (fMRI‑only):,Stage ۲ (fMRI‑only):,Stage only
high-latin,i18n/index.fa.json,Stage 3 (Simultaneous EEG–fMRI):,Stage ۳ (Simultaneous EEG–fMRI):,Stage Simultaneous
high-latin,i18n/index.fa.json,Core paradigm:,Core paradigm:,Core paradigm
high-latin,i18n/index.fa.json,Example hypotheses (summarized),Example hypotheses (summarized),Example hypotheses summarized
high-latin,i18n/index.fa.json,Connectivity modulation:,Connectivity modulation:,Connectivity modulation
high-latin,i18n/index.fa.json,EEG ↔ fMRI correspondence:,EEG ↔ fMRI correspondence:,correspondence
high-latin,i18n/index.fa.json,Stress and reduced flexibility:,Stress و reduced flexibility:,Stress reduced flexibility
high-latin,i18n/index.fa.json,Reproducibility & governance,Reproducibility و governance,Reproducibility governance
high-latin,i18n/index.fa.json,transparency and dual‑use governance,transparency و dual‑use governance,transparency dual use governance
high-latin,i18n/index.fa.json,Download Paper (DOCX),Download Paper (DOCX),Download Paper
high-latin,i18n/index.fa.json,Author:,Author:,Author
high-latin,i18n/index.fa.json,"Lotfifar, A. M.","Lotfifar, A. M.",A M
high-latin,i18n/index.fa.json,Problem the framework addresses,Problem the چارچوب addresses,Problem the addresses
high-latin,i18n/index.fa.json,: emerges via a,: emerges via a,emerges via a
high-latin,i18n/index.fa.json,biphasic trajectory,biphasic trajectory,biphasic trajectory
high-latin,i18n/index.fa.json,Formalization,Formalization,Formalization
high-latin,i18n/index.fa.json,Routine demo (10 s):,Routine demo (۱۰ s):,Routine demo s
high-latin,i18n/index.fa.json,emotional entropy proxy H,emotional entropy proxy H,emotional entropy proxy H
high-latin,i18n/index.fa.json,0.000 → −0.714 while routine meaning M,۰.۰۰۰ → −۰.۷۱۴ while routine معنا M,while routine M
high-latin,i18n/index.fa.json,Falsifiable predictions (examples),Falsifiable predictions (examples),Falsifiable predictions examples
high-latin,i18n/index.fa.json,increase at peak,increase at peak,increase at peak
high-latin,i18n/index.fa.json,decrease post‑peak,decrease post‑peak,decrease post peak
high-latin,i18n/index.fa.json,post‑peak decrease,post‑peak decrease,post peak decrease
high-latin,i18n/index.fa.json,Core claim,Core claim,Core claim
high-latin,i18n/index.fa.json,intrapersonal ideal,intrapersonal ideal,intrapersonal ideal
high-latin,i18n/index.fa.json,Six-component framework (mechanistic model),Six-component چارچوب (mechanistic model),Six-component mechanistic model
high-latin,i18n/index.fa.json,Algorithmic enhancement,Algorithmic enhancement,Algorithmic enhancement
high-latin,i18n/index.fa.json,of facial features (observable modifications).,of facial features (observable modifications).,of facial features observable modifications
high-latin,i18n/index.fa.json,Actual–digital self‑discrepancy,Actual–digital self‑discrepancy,Actual digital self discrepancy
high-latin,i18n/index.fa.json,(filtered self becomes an “ideal self”).,(filtered self becomes an “ideal self”).,filtered self becomes an ideal self
high-latin,i18n/index.fa.json,Perceptual recalibration,Perceptual recalibration,Perceptual recalibration
high-latin,i18n/index.fa.json,Self‑objectification,خود‑objectification,objectification
high-latin,i18n/index.fa.json,Downstream psychosocial outcomes,Downstream psychosocial outcomes,Downstream psychosocial outcomes
high-latin,i18n/index.fa.json,Computational formalization (examples),Computational formalization (examples),Computational formalization examples
high-latin,i18n/index.fa.json,Body dissatisfaction trajectory:,Body dissatisfaction trajectory:,Body dissatisfaction trajectory
high-latin,i18n/index.fa.json,Recalibration threshold:,Recalibration threshold:,Recalibration threshold
high-latin,i18n/index.fa.json,P(filtered baseline) = 1 / (1 + e,P(filtered baseline) = ۱ / (۱ + e,P filtered baseline e
high-latin,i18n/index.fa.json,Dependence via negative reinforcement:,Dependence via negative reinforcement:,Dependence via negative reinforcement
high-latin,i18n/index.fa.json,V(filter) = −λ × E[distress | unfiltered],V(filter) = −λ × E[distress | unfiltered],V filter E distress unfiltered
high-latin,i18n/index.fa.json,Testable predictions (high-level),Testable predictions (high-level),Testable predictions high-level
high-latin,i18n/index.fa.json,Interventions:,Interventions:,Interventions
high-latin,i18n/index.fa.json,filtered vs unfiltered self,filtered در برابر unfiltered self,filtered unfiltered self
high-latin,i18n/index.fa.json,Mind Islands variant,Mind Islands variant,variant
high-latin,i18n/index.fa.json,Original Title:,Original Title:,Original Title
high-latin,i18n/index.fa.json,Language:,Language:,Language
high-latin,i18n/index.fa.json,Publisher:,Publisher:,Publisher
high-latin,i18n/index.fa.json,To be announced,To be announced,To be announced
high-latin,i18n/index.fa.json,Empathetic Thinking,Empathetic Thinking,Empathetic Thinking
high-latin,i18n/index.fa.json,Experimental/Scientific Thinking,Experimental/Scientific تفکر,Experimental Scientific
high-latin,i18n/index.fa.json,Integrative Thinking,Integrative Thinking,Integrative Thinking
high-latin,i18n/index.fa.json,Chapters 2-10: Journey to the Islands,Chapters ۲-۱۰: Journey تا the Islands,Chapters Journey the
high-latin,i18n/index.fa.json,Evidence-Based:,Evidence-Based:,Evidence-Based
high-latin,i18n/index.fa.json,Architecture,Architecture,Architecture
high-latin,i18n/index.fa.json,School-Based Volunteer Consulting,School-Based Volunteer Consulting,School-Based Volunteer Consulting
high-latin,i18n/index.fa.json,Setting & Background,Setting و Background,Setting Background
high-latin,i18n/index.fa.json,Role:,Role:,Role
high-latin,i18n/index.fa.json,Services Provided,Services Provided,Services Provided
high-latin,i18n/index.fa.json,Working with Children:,Working با Children:,Working Children
high-latin,i18n/index.fa.json,Talent Discovery:,Talent Discovery:,Talent Discovery
high-latin,i18n/index.fa.json,Consultation:,Consultation:,Consultation
high-latin,i18n/index.fa.json,Referral Support:,Referral Support:,Referral Support
high-latin,i18n/index.fa.json,Continuity of care:,Continuity از care:,Continuity care
high-latin,i18n/index.fa.json,Intensive support:,Intensive support:,Intensive support
high-latin,i18n/index.fa.json,Specialized intervention:,Specialized intervention:,Specialized intervention
high-latin,i18n/index.fa.json,Mathematics Tutoring Specialization,Mathematics Tutoring Specialization,Mathematics Tutoring Specialization
high-latin,i18n/index.fa.json,Play Therapy Integration,Play Therapy Integration,Play Therapy Integration
high-latin,i18n/index.fa.json,Relationship Building:,Relationship Building:,Relationship Building
high-latin,i18n/index.fa.json,A Turning Point in My Career Journey,A Turning Point در My Career Journey,A Turning Point My Career Journey
high-latin,i18n/index.fa.json,Presenting Challenges:,Presenting Challenges:,Presenting Challenges
high-latin,i18n/index.fa.json,Complete absence of abstract thinking:,Complete absence از abstract تفکر:,Complete absence abstract
high-latin,i18n/index.fa.json,Severe working memory deficits:,Severe working memory deficits:,Severe working memory deficits
high-latin,i18n/index.fa.json,No mental number line:,No mental number line:,No mental number line
high-latin,i18n/index.fa.json,Inability to generalize:,Inability تا generalize:,Inability generalize
high-latin,i18n/index.fa.json,Medical History:,Medical History:,Medical History
high-latin,i18n/index.fa.json,Childhood seizure disorder:,Childhood seizure disorder:,Childhood seizure disorder
high-latin,i18n/index.fa.json,Traumatic brain injury (TBI):,Traumatic brain injury (TBI):,Traumatic brain injury TBI
high-latin,i18n/index.fa.json,Instructional adaptations (high level):,Instructional adaptations (high level):,Instructional adaptations high level
high-latin,i18n/index.fa.json,Teaching Approach & Methods,Teaching Approach و Methods,Teaching Approach Methods
high-latin,i18n/index.fa.json,Therapeutic Educational Framework,Therapeutic Educational چارچوب,Therapeutic Educational
high-latin,i18n/index.fa.json,Informal assessment of cognitive strengths and weaknesses,Informal assessment از شناختی strengths و weaknesses,Informal assessment strengths weaknesses
high-latin,i18n/index.fa.json,Individualized Instruction,Individualized Instruction,Individualized Instruction
high-latin,i18n/index.fa.json,Multisensory teaching methods,Multisensory teaching methods,Multisensory teaching methods
high-latin,i18n/index.fa.json,Physical manipulatives and hands-on activities,Physical manipulatives و hands-on activities,Physical manipulatives hands-on activities
high-latin,i18n/index.fa.json,Playful exploration of concepts,Playful exploration از concepts,Playful exploration concepts
high-latin,i18n/index.fa.json,Building self-efficacy and confidence,Building self-efficacy و confidence,Building self-efficacy confidence
high-latin,i18n/index.fa.json,Celebrating small victories and progress,Celebrating small victories و progress,Celebrating small victories progress
high-latin,i18n/index.fa.json,Adapting to attentional limitations,Adapting تا attentional limitations,Adapting attentional limitations
high-latin,i18n/index.fa.json,Supporting executive function development,Supporting executive function development,Supporting executive function development
high-latin,i18n/index.fa.json,‍‍Family Collaboration,‍‍Family Collaboration,Family Collaboration
high-latin,i18n/index.fa.json,Parent consultation and guidance,Parent consultation و guidance,Parent consultation guidance
high-latin,i18n/index.fa.json,Home practice recommendations,Home practice recommendations,Home practice recommendations
high-latin,i18n/index.fa.json,Progress updates and feedback,Progress updates و feedback,Progress updates feedback
high-latin,i18n/index.fa.json,Referrals to specialists when needed,Referrals تا specialists when needed,Referrals specialists when needed
high-latin,i18n/index.fa.json,Student Outcomes & Impact,Student Outcomes و Impact,Student Outcomes Impact
high-latin,i18n/index.fa.json,Improved confidence:,Improved confidence:,Improved confidence
high-latin,i18n/index.fa.json,Reduced anxiety:,Reduced anxiety:,Reduced anxiety
high-latin,i18n/index.fa.json,Better self-understanding:,Better self-understanding:,Better self-understanding
high-latin,i18n/index.fa.json,Family support:,Family support:,Family support
high-latin,i18n/index.fa.json,Appropriate referrals:,Appropriate referrals:,Appropriate referrals
high-latin,i18n/index.fa.json,Important Note:,Important Note:,Important Note
high-latin,i18n/index.fa.json,Play Therapy,Play Therapy,Play Therapy
high-latin,i18n/index.fa.json,Neuropsychological Understanding,Neuropsychological Understanding,Neuropsychological Understanding
high-latin,i18n/index.fa.json,Mathematics Instruction,Mathematics Instruction,Mathematics Instruction
high-latin,i18n/index.fa.json,Parent Consultation,Parent Consultation,Parent Consultation
high-latin,i18n/index.fa.json,Therapeutic Relationship,Therapeutic Relationship,Therapeutic Relationship
high-latin,i18n/index.fa.json,Patience & Empathy,Patience و Empathy,Patience Empathy
high-latin,i18n/index.fa.json,"PVD Kavian Co. • Tehran, Iran • 2019 - Present","PVD Kavian Co. • Tehran, Iran • ۲۰۱۹ - Present",Co Present
high-latin,i18n/index.fa.json,Employment Timeline:,Employment Timeline:,Employment Timeline
high-latin,i18n/index.fa.json,2021-Present:,۲۰۲۱-Present:,Present
high-latin,i18n/index.fa.json,Part-time consultant (automation + dashboard maintenance),Part-time consultant (automation + داشبورد maintenance),Part-time consultant automation maintenance
high-latin,i18n/index.fa.json,Key digital deliverables (Web + HR dashboards),Key digital deliverables (وب + HR dashboards),Key digital deliverables HR dashboards
high-latin,i18n/index.fa.json,Kavico corporate website (FA/EN):,Kavico corporate website (FA/EN):,corporate website FA EN
high-latin,i18n/index.fa.json,live demo,live demo,live demo
high-latin,i18n/index.fa.json,KIA Coating product catalog:,KIA Coating product catalog:,Coating product catalog
high-latin,i18n/index.fa.json,product listing and catalog UX —,product listing و catalog UX —,product listing catalog UX
high-latin,i18n/index.fa.json,Core Responsibilities,Core Responsibilities,Core Responsibilities
high-latin,i18n/index.fa.json,Financial Analysis & Accounting,Financial تحلیل و Accounting,Financial Accounting
high-latin,i18n/index.fa.json,Financial Reporting:,Financial Reporting:,Financial Reporting
high-latin,i18n/index.fa.json,Accounting Management:,Accounting Management:,Accounting Management
high-latin,i18n/index.fa.json,Financial Forecasting:,Financial Forecasting:,Financial Forecasting
high-latin,i18n/index.fa.json,Budget Management:,Budget Management:,Budget Management
high-latin,i18n/index.fa.json,Data Analytics & Business Intelligence,داده Analytics و Business Intelligence,Analytics Business Intelligence
high-latin,i18n/index.fa.json,Business Intelligence Dashboards:,Business Intelligence Dashboards:,Business Intelligence Dashboards
high-latin,i18n/index.fa.json,Predictive Analytics:,Predictive Analytics:,Predictive Analytics
high-latin,i18n/index.fa.json,Strategic Management & Consulting,Strategic Management و Consulting,Strategic Management Consulting
high-latin,i18n/index.fa.json,Statistical Consulting:,Statistical Consulting:,Statistical Consulting
high-latin,i18n/index.fa.json,Management Reporting:,Management Reporting:,Management Reporting
high-latin,i18n/index.fa.json,Risk Assessment:,Risk Assessment:,Risk Assessment
high-latin,i18n/index.fa.json,Process Optimization:,Process Optimization:,Process Optimization
high-latin,i18n/index.fa.json,Technical Skills & Tools,Technical Skills و Tools,Technical Skills Tools
high-latin,i18n/index.fa.json,Business Intelligence & Visualization,Business Intelligence و Visualization,Business Intelligence Visualization
high-latin,i18n/index.fa.json,Power BI (Working Knowledge):,Power BI (Working Knowledge):,Power BI Working Knowledge
high-latin,i18n/index.fa.json,DAX Functions:,DAX Functions:,DAX Functions
high-latin,i18n/index.fa.json,Basic understanding of data models and relationships,Basic understanding از داده models و relationships,Basic understanding models relationships
high-latin,i18n/index.fa.json,Power Query:,Power Query:,Power Query
high-latin,i18n/index.fa.json,Report Creation:,Report Creation:,Report Creation
high-latin,i18n/index.fa.json,Microsoft Excel (Advanced),Microsoft Excel (Advanced),Microsoft Advanced
high-latin,i18n/index.fa.json,Pivot Tables & Charts,Pivot Tables و Charts,Pivot Tables Charts
high-latin,i18n/index.fa.json,SQL (Basic),SQL (Basic),SQL Basic
high-latin,i18n/index.fa.json,Time Series Forecasting,Time Series Forecasting,Time Series Forecasting
high-latin,i18n/index.fa.json,Monte Carlo Simulation,Monte Carlo Simulation,Monte Carlo Simulation
high-latin,i18n/index.fa.json,Programming & Data Science,Programming و داده Science,Programming Science
high-latin,i18n/index.fa.json,Excel VBA:,Excel VBA:,VBA
high-latin,i18n/index.fa.json,Key Projects & Achievements,Key Projects و Achievements,Key Projects Achievements
high-latin,i18n/index.fa.json,Financial Reporting & Dashboard Development,Financial Reporting و داشبورد Development,Financial Reporting Development
high-latin,i18n/index.fa.json,Power BI & Excel • 2020-Present,Power BI و Excel • ۲۰۲۰-Present,Power BI Present
high-latin,i18n/index.fa.json,Data Quality & Process Optimization Initiative,داده Quality و Process Optimization Initiative,Quality Process Optimization Initiative
high-latin,i18n/index.fa.json,85% reduction,۸۵% reduction,reduction
high-latin,i18n/index.fa.json,in data entry errors,in داده entry errors,in entry errors
high-latin,i18n/index.fa.json,Standardized processes,Standardized processes,Standardized processes
high-latin,i18n/index.fa.json,Audit-ready records,Audit-ready records,Audit-ready records
high-latin,i18n/index.fa.json,Cost Optimization Analysis,Cost Optimization تحلیل,Cost Optimization
high-latin,i18n/index.fa.json,Identified savings,Identified savings,Identified savings
high-latin,i18n/index.fa.json,Vendor negotiations,Vendor negotiations,Vendor negotiations
high-latin,i18n/index.fa.json,Resource reallocation,Resource reallocation,Resource reallocation
high-latin,i18n/index.fa.json,Power BI Basics:,Power BI Basics:,Power BI Basics
high-latin,i18n/index.fa.json,Learned fundamental dashboard creation and data visualization,Learned fundamental داشبورد creation و داده visualization,Learned fundamental creation visualization
high-latin,i18n/index.fa.json,Financial Acumen:,Financial Acumen:,Financial Acumen
high-latin,i18n/index.fa.json,Business Context:,Business Context:,Business Context
high-latin,i18n/index.fa.json,"Experience with large, messy real-world datasets","Experience با large, messy real-world datasets",Experience large messy real-world datasets
high-latin,i18n/index.fa.json,"Data cleaning, validation, and quality assurance","داده cleaning, validation, و quality assurance",cleaning validation quality assurance
high-latin,i18n/index.fa.json,Analytical Rigor,Analytical Rigor,Analytical Rigor
high-latin,i18n/index.fa.json,Hypothesis-driven investigation,Hypothesis-driven investigation,Hypothesis-driven investigation
high-latin,i18n/index.fa.json,Reproducible analysis workflows,Reproducible تحلیل workflows,Reproducible workflows
high-latin,i18n/index.fa.json,Technical Proficiency,Technical Proficiency,Technical Proficiency
high-latin,i18n/index.fa.json,Advanced visualization techniques,Advanced visualization techniques,Advanced visualization techniques
high-latin,i18n/index.fa.json,Version control and documentation,Version control و documentation,Version control documentation
high-latin,i18n/index.fa.json,Problem-Solving,Problem-Solving,Problem-Solving
high-latin,i18n/index.fa.json,Identifying appropriate methods for ambiguous questions,Identifying appropriate methods برای ambiguous questions,Identifying appropriate methods ambiguous questions
high-latin,i18n/index.fa.json,Iterative refinement of analysis approaches,Iterative refinement از تحلیل approaches,Iterative refinement approaches
high-latin,i18n/index.fa.json,Troubleshooting technical issues independently,Troubleshooting مسائل فنی independently,Troubleshooting independently
high-latin,i18n/index.fa.json,Creative solutions to data challenges,Creative solutions تا داده challenges,Creative solutions challenges
high-latin,i18n/index.fa.json,Translating technical findings for diverse audiences,Translating technical findings برای diverse audiences,Translating technical findings diverse audiences
high-latin,i18n/index.fa.json,Data storytelling and visualization,داده storytelling و visualization,storytelling visualization
high-latin,i18n/index.fa.json,Report writing and documentation,Report writing و documentation,Report writing documentation
high-latin,i18n/index.fa.json,Stakeholder management,Stakeholder management,Stakeholder management
high-latin,i18n/index.fa.json,Time management with competing priorities,Time management با competing priorities,Time management competing priorities
high-latin,i18n/index.fa.json,Meeting deadlines under pressure,Meeting deadlines under pressure,Meeting deadlines under pressure
high-latin,i18n/index.fa.json,Self-directed learning and adaptation,Self-directed learning و adaptation,Self-directed learning adaptation
high-latin,i18n/index.fa.json,Financial Independence & Academic Support,Financial Independence و آکادمیک Support,Financial Independence Support
high-latin,i18n/index.fa.json,Full-Time Period (2019-2021):,Full-Time Period (۲۰۱۹-۲۰۲۱):,Full-Time Period
high-latin,i18n/index.fa.json,Part-Time Period (2021-Present):,Part-Time Period (۲۰۲۱-Present):,Part-Time Period Present
high-latin,i18n/index.fa.json,Company Context: PVD Kavian Co.,Company Context: PVD Kavian Co.,Company Context Co
high-latin,i18n/index.fa.json,About the Organization:,About the Organization:,About the Organization
high-latin,i18n/index.fa.json,My Role's Scope:,My Role's Scope:,My Role s Scope
high-latin,i18n/index.fa.json,Diverse responsibilities:,Diverse responsibilities:,Diverse responsibilities
high-latin,i18n/index.fa.json,Direct impact:,Direct impact:,Direct impact
high-latin,i18n/index.fa.json,Interdisciplinary collaboration:,Interdisciplinary collaboration:,Interdisciplinary collaboration
high-latin,i18n/index.fa.json,Resource constraints:,Resource constraints:,Resource constraints
high-latin,i18n/index.fa.json,Power BI (Basic-Intermediate),Power BI (Basic-Intermediate),Power BI Basic-Intermediate
high-latin,i18n/index.fa.json,R Programming,R Programming,Programming
high-latin,i18n/index.fa.json,Excel Advanced,Excel Advanced,Advanced
high-latin,i18n/index.fa.json,Report Design,Report Design,Report Design
high-latin,i18n/index.fa.json,Financial Reporting,Financial Reporting,Financial Reporting
high-latin,i18n/index.fa.json,HTML/JS (single-file),HTML/JS (single-file),single-file
high-latin,i18n/index.fa.json,Rule-based payroll engine,Rule-based payroll engine,Rule-based payroll engine
high-latin,i18n/index.fa.json,Offline / Local storage,Offline / Local storage,Offline Local storage
high-latin,i18n/index.fa.json,What it does,What it does,What it does
high-latin,i18n/index.fa.json,track attendance,track attendance,track attendance
high-latin,i18n/index.fa.json,"transparent, rule-based payroll pipeline","transparent, rule-based payroll pipeline",transparent rule-based payroll pipeline
high-latin,i18n/index.fa.json,Core modules,Core modules,Core modules
high-latin,i18n/index.fa.json,Company / workshop profile:,Company / workshop profile:,Company workshop profile
high-latin,i18n/index.fa.json,Personnel management:,Personnel management:,Personnel management
high-latin,i18n/index.fa.json,Attendance calendar (multi-month):,Attendance calendar (multi-month):,Attendance calendar multi-month
high-latin,i18n/index.fa.json,Rule-based payroll engine:,Rule-based payroll engine:,Rule-based payroll engine
high-latin,i18n/index.fa.json,Compliance knobs:,Compliance knobs:,Compliance knobs
high-latin,i18n/index.fa.json,Reporting & exports,Reporting و exports,Reporting exports
high-latin,i18n/index.fa.json,Monthly summaries:,Monthly summaries:,Monthly summaries
high-latin,i18n/index.fa.json,Validation checks:,Validation checks:,Validation checks
high-latin,i18n/index.fa.json,Exports:,Exports:,Exports
high-latin,i18n/index.fa.json,Privacy & deployment,Privacy و deployment,Privacy deployment
high-latin,i18n/index.fa.json,Runs entirely in the browser,Runs entirely در the browser,Runs entirely the browser
high-latin,i18n/index.fa.json,Local-first storage:,Local-first storage:,Local-first storage
high-latin,i18n/index.fa.json,No tracking / no accounts:,No tracking / no accounts:,No tracking no accounts
high-latin,i18n/index.fa.json,Where it sits in this portfolio,Where it sits در this portfolio,Where it sits this portfolio
high-latin,i18n/index.fa.json,experience at PVD Kavian Co.,experience at PVD Kavian Co.,experience at Co
high-latin,i18n/index.fa.json,"A parallel, project-based practice focused on","A parallel, project-based practice focused on",A parallel project-based practice focused on
high-latin,i18n/index.fa.json,"clean, conversion-oriented websites","clean, conversion-oriented websites",clean conversion-oriented websites
high-latin,i18n/index.fa.json,coherent visual systems,coherent visual systems,coherent visual systems
high-latin,i18n/index.fa.json,clarity,clarity,clarity
high-latin,i18n/index.fa.json,information design,information design,information design
high-latin,i18n/index.fa.json,measurable usability,measurable usability,measurable usability
high-latin,i18n/index.fa.json,Information architecture:,Information architecture:,Information architecture
high-latin,i18n/index.fa.json,Responsive UI:,Responsive UI:,Responsive UI
high-latin,i18n/index.fa.json,WordPress delivery:,WordPress delivery:,delivery
high-latin,i18n/index.fa.json,Front-end polish:,Front-end polish:,Front-end polish
high-latin,i18n/index.fa.json,Launch readiness:,Launch readiness:,Launch readiness
high-latin,i18n/index.fa.json,Graphic & Visual Design,Graphic و Visual Design,Graphic Visual Design
high-latin,i18n/index.fa.json,Brand assets:,Brand assets:,Brand assets
high-latin,i18n/index.fa.json,UI assets:,UI assets:,UI assets
high-latin,i18n/index.fa.json,SEO & Content Readiness,SEO و Content Readiness,SEO Content Readiness
high-latin,i18n/index.fa.json,On-page foundations:,On-صفحه foundations:,On- foundations
high-latin,i18n/index.fa.json,Technical basics:,Technical basics:,Technical basics
high-latin,i18n/index.fa.json,Content structure:,Content structure:,Content structure
high-latin,i18n/index.fa.json,Note: This work focuses on,Note: This work focuses on,Note This work focuses on
high-latin,i18n/index.fa.json,SEO readiness and technical hygiene,SEO readiness و technical hygiene,SEO readiness technical hygiene
high-latin,i18n/index.fa.json,Workflow & Quality Checks,Workflow و Quality Checks,Workflow Quality Checks
high-latin,i18n/index.fa.json,Iterative delivery:,Iterative delivery:,Iterative delivery
high-latin,i18n/index.fa.json,Consistency:,Consistency:,Consistency
high-latin,i18n/index.fa.json,UI layout,UI layout,UI layout
high-latin,i18n/index.fa.json,Vector/Raster editing,Vector/Raster editing,Vector Raster editing
high-latin,i18n/index.fa.json,SEO foundations,SEO foundations,SEO foundations
high-latin,i18n/index.fa.json,Evidence in this portfolio,Evidence در this portfolio,Evidence this portfolio
high-latin,i18n/index.fa.json,Scope:,Scope:,Scope
high-latin,i18n/index.fa.json,Engagement:,Engagement:,Engagement
high-latin,i18n/index.fa.json,Selected website projects,Selected website projects,Selected website projects
high-latin,i18n/index.fa.json,Bilingual UX:,Bilingual UX:,Bilingual UX
high-latin,i18n/index.fa.json,Service IA:,Service IA:,IA
high-latin,i18n/index.fa.json,Conversion focus:,Conversion focus:,Conversion focus
high-latin,i18n/index.fa.json,KIA Coating | Product Catalog (Gatria),KIA Coating | Product Catalog (Gatria),Coating Product Catalog Gatria
high-latin,i18n/index.fa.json,Catalog website • Product listing and quick browsing,Catalog website • Product listing و quick browsing,Catalog website Product listing quick browsing
high-latin,i18n/index.fa.json,Mind Islands | Book companion site,Mind Islands | Book companion site,Book companion site
high-latin,i18n/index.fa.json,TOEFL Academic | Offline-ready lessons (PWA),TOEFL Academic | Offline-ready lessons (PWA),Academic Offline-ready lessons
high-latin,i18n/index.fa.json,Web app • Lessons + dictionary + offline mode,وب app • Lessons + dictionary + offline mode,app Lessons dictionary offline mode
high-latin,i18n/index.fa.json,Built-in dictionary and word pages for practice,Built-in dictionary و word pages برای practice,Built-in dictionary word pages practice
high-latin,i18n/index.fa.json,Settings page to control reading experience,Settings صفحه تا control reading experience,Settings control reading experience
high-latin,i18n/index.fa.json,Tehran Institute of Technology • 2024,Tehran Institute از Technology • ۲۰۲۴,Institute Technology
high-latin,i18n/index.fa.json,COMPLETED • GRADE: A+ (92%),COMPLETED • GRADE: A+ (۹۲%),COMPLETED GRADE A
high-latin,i18n/index.fa.json,"Collect, structure, and validate datasets for analysis","Collect, structure, و validate datasets برای تحلیل",Collect structure validate datasets
high-latin,i18n/index.fa.json,Design effective visualizations for communicating results,Design effective visualizations برای communicating results,Design effective visualizations communicating results
high-latin,i18n/index.fa.json,Matrix Construction:,Matrix Construction:,Matrix Construction
high-latin,i18n/index.fa.json,Systematic investigation of datasets to discover patterns and anomalies,Systematic investigation از datasets تا discover patterns و anomalies,Systematic investigation datasets discover patterns anomalies
high-latin,i18n/index.fa.json,Feature Engineering:,Feature Engineering:,Feature Engineering
high-latin,i18n/index.fa.json,Pattern Recognition:,Pattern Recognition:,Pattern Recognition
high-latin,i18n/index.fa.json,Multi-dimensional Visualization:,Multi-dimensional Visualization:,Multi-dimensional Visualization
high-latin,i18n/index.fa.json,Statistical Distributions:,Statistical Distributions:,Statistical Distributions
high-latin,i18n/index.fa.json,Hypothesis Testing:,Hypothesis Testing:,Hypothesis Testing
high-latin,i18n/index.fa.json,Data Preprocessing & Preparation,داده Preprocessing و Preparation,Preprocessing Preparation
high-latin,i18n/index.fa.json,Detecting erroneous data and correcting them,Detecting erroneous داده و correcting them,Detecting erroneous correcting them
high-latin,i18n/index.fa.json,Various types of data partitioning and organization,Various types از داده partitioning و organization,Various types partitioning organization
high-latin,i18n/index.fa.json,Format Correction:,Format Correction:,Format Correction
high-latin,i18n/index.fa.json,Standardizing data formats for consistency,Standardizing داده formats برای consistency,Standardizing formats consistency
high-latin,i18n/index.fa.json,Model Preparation:,Model Preparation:,Model Preparation
high-latin,i18n/index.fa.json,Preparing data for training by intelligent models,Preparing داده برای training by intelligent models,Preparing training by intelligent models
high-latin,i18n/index.fa.json,Module 1: Artificial Intelligence Fundamentals,ماژول ۱: Artificial Intelligence Fundamentals,Artificial Intelligence Fundamentals
high-latin,i18n/index.fa.json,Understanding the role of data in AI systems,Understanding the role از داده در AI systems,Understanding the role systems
high-latin,i18n/index.fa.json,Module 2: Environment Setup,ماژول ۲: Environment Setup,Environment Setup
high-latin,i18n/index.fa.json,Python installation and configuration,Python installation و configuration,installation configuration
high-latin,i18n/index.fa.json,Jupyter Notebook setup,Jupyter Notebook setup,Jupyter Notebook setup
high-latin,i18n/index.fa.json,Module 3: Linear Algebra Foundations,ماژول ۳: Linear Algebra Foundations,Linear Algebra Foundations
high-latin,i18n/index.fa.json,Vectors and matrices,Vectors و matrices,Vectors matrices
high-latin,i18n/index.fa.json,Matrix operations and transformations,Matrix operations و transformations,Matrix operations transformations
high-latin,i18n/index.fa.json,Eigenvalues and eigenvectors,Eigenvalues و eigenvectors,Eigenvalues eigenvectors
high-latin,i18n/index.fa.json,Training and working with various preprocessing and data analysis packages,Training و working با various preprocessing و داده تحلیل packages,Training working various preprocessing packages
high-latin,i18n/index.fa.json,Numerical computing and array operations,Numerical computing و array operations,Numerical computing array operations
high-latin,i18n/index.fa.json,"Normalization, standardization, encoding","Normalization, standardization, encoding",Normalization standardization encoding
high-latin,i18n/index.fa.json,Descriptive statistics and summary measures,Descriptive آمار و summary measures,Descriptive summary measures
high-latin,i18n/index.fa.json,Correlation and relationship identification,همبستگی و relationship identification,relationship identification
high-latin,i18n/index.fa.json,Outlier detection and treatment,Outlier detection و treatment,Outlier detection treatment
high-latin,i18n/index.fa.json,Data quality assessment,داده quality assessment,quality assessment
high-latin,i18n/index.fa.json,Training and working with various data visualization packages,Training و working با various داده visualization packages,Training working various visualization packages
high-latin,i18n/index.fa.json,matplotlib:,matplotlib:,matplotlib
high-latin,i18n/index.fa.json,Foundational plotting library,Foundational plotting library,Foundational plotting library
high-latin,i18n/index.fa.json,seaborn:,seaborn:,seaborn
high-latin,i18n/index.fa.json,Multi-dimensional data representation,Multi-dimensional داده representation,Multi-dimensional representation
high-latin,i18n/index.fa.json,Technical Stack,Technical Stack,Technical Stack
high-latin,i18n/index.fa.json,Python 3.x,Python ۳.x,x
high-latin,i18n/index.fa.json,seaborn,seaborn,seaborn
high-latin,i18n/index.fa.json,scikit-learn,scikit-learn,scikit-learn
high-latin,i18n/index.fa.json,Machine Learning Basics,Machine Learning Basics,Machine Learning Basics
high-latin,i18n/index.fa.json,Achievement Level,Achievement Level,Achievement Level
high-latin,i18n/index.fa.json,Demonstrated exceptional proficiency in data analysis techniques and Python programming,Demonstrated exceptional proficiency در داده تحلیل techniques و Python programming,Demonstrated exceptional proficiency techniques programming
high-latin,i18n/index.fa.json,Perform comprehensive EDA:,Perform comprehensive EDA:,Perform comprehensive EDA
high-latin,i18n/index.fa.json,Create effective visualizations:,Create effective visualizations:,Create effective visualizations
high-latin,i18n/index.fa.json,Identify patterns:,Identify patterns:,Identify patterns
high-latin,i18n/index.fa.json,Proficiently use Python's data science ecosystem,Proficiently use Python's داده science ecosystem,Proficiently use s science ecosystem
high-latin,i18n/index.fa.json,Statistical Rigor:,Statistical Rigor:,Statistical Rigor
high-latin,i18n/index.fa.json,Model Development:,Model Development:,Model Development
high-latin,i18n/index.fa.json,Designed data collection and preprocessing pipelines,Designed داده collection و preprocessing pipelines,Designed collection preprocessing pipelines
high-latin,i18n/index.fa.json,Developed visualization strategies for results presentation,کسب‌شده visualization strategies برای results presentation,visualization strategies results presentation
high-latin,i18n/index.fa.json,Tehran Institute of Technology,Tehran Institute از Technology,Institute Technology
high-latin,i18n/index.fa.json,Year:,Year:,Year
high-latin,i18n/index.fa.json,Behavior Design in Business & Neuromarketing,Behavior Design در Business و Neuromarketing,Behavior Design Business Neuromarketing
high-latin,i18n/index.fa.json,Provider:,Provider:,Provider
high-latin,i18n/index.fa.json,"National Brain Mapping Lab (NBML), Tehran","National Brain Mapping Lab (NBML), Tehran",National Brain Mapping Lab
high-latin,i18n/index.fa.json,Session 1: Introduction to Behavioral Economics,Session ۱: Introduction تا رفتاری Economics,Session Introduction Economics
high-latin,i18n/index.fa.json,Understanding decision-making processes and thinking systems,Understanding decision-making processes و تفکر systems,Understanding decision-making processes systems
high-latin,i18n/index.fa.json,Cognitive biases and systematic errors in judgment,شناختی biases و systematic errors در judgment,biases systematic errors judgment
high-latin,i18n/index.fa.json,Session 2: Foundations of Neuromarketing,Session ۲: Foundations از Neuromarketing,Session Foundations Neuromarketing
high-latin,i18n/index.fa.json,Fundamentals and introduction to neuromarketing tools,Fundamentals و introduction تا neuromarketing tools,Fundamentals introduction neuromarketing tools
high-latin,i18n/index.fa.json,Limitations and ethical considerations,Limitations و ethical considerations,Limitations ethical considerations
high-latin,i18n/index.fa.json,Behavioral finance principles and applications,رفتاری finance principles و applications,finance principles applications
high-latin,i18n/index.fa.json,Decision-making in financial markets,Decision-making در financial markets,Decision-making financial markets
high-latin,i18n/index.fa.json,Cognitive biases in financial decision-making,شناختی biases در financial decision-making,biases financial decision-making
high-latin,i18n/index.fa.json,Prospect theory and loss aversion,Prospect theory و loss aversion,Prospect theory loss aversion
high-latin,i18n/index.fa.json,Implications for investment strategy and portfolio management,Implications برای investment راهبرد و portfolio management,Implications investment portfolio management
high-latin,i18n/index.fa.json,Session 5: Neurobranding,Session ۵: Neurobranding,Session Neurobranding
high-latin,i18n/index.fa.json,Building emotional connections with brands,Building emotional connections با brands,Building emotional connections brands
high-latin,i18n/index.fa.json,Case studies from international brands,Case studies از international brands,Case studies international brands
high-latin,i18n/index.fa.json,Session 6: Neurocognitive Analysis of Advertising Content,Session ۶: Neurocognitive تحلیل از Advertising Content,Session Neurocognitive Advertising Content
high-latin,i18n/index.fa.json,Part A: Neurocognitive Content Analysis,Part A: Neurocognitive Content تحلیل,Part A Neurocognitive Content
high-latin,i18n/index.fa.json,Data-driven marketing strategies,داده-driven marketing strategies,driven marketing strategies
high-latin,i18n/index.fa.json,A/B testing and conversion optimization,A/B testing و conversion optimization,A B testing conversion optimization
high-latin,i18n/index.fa.json,Predictive analytics for consumer behavior,Predictive analytics برای consumer behavior,Predictive analytics consumer behavior
high-latin,i18n/index.fa.json,Decision-making biases in organizational contexts,Decision-making biases در organizational contexts,Decision-making biases organizational contexts
high-latin,i18n/index.fa.json,Building high-performance teams,Building high-performance teams,Building high-performance teams
high-latin,i18n/index.fa.json,Strategic thinking and innovation,Strategic تفکر و innovation,Strategic innovation
high-latin,i18n/index.fa.json,Behavioral science and experience design,رفتاری science و experience design,science experience design
high-latin,i18n/index.fa.json,Measuring and optimizing user experience,Measuring و optimizing user experience,Measuring optimizing user experience
high-latin,i18n/index.fa.json,Managers of cognitive clinics and rehabilitation centers,Managers از شناختی clinics و rehabilitation centers,Managers clinics rehabilitation centers
high-latin,i18n/index.fa.json,Marketing managers in organizations and businesses,Marketing managers در organizations و businesses,Marketing managers organizations businesses
high-latin,i18n/index.fa.json,Business Leaders,Business Leaders,Business Leaders
high-latin,i18n/index.fa.json,Managers of businesses and startups,Managers از businesses و startups,Managers businesses startups
high-latin,i18n/index.fa.json,Neuromarketing,Neuromarketing,Neuromarketing
high-latin,i18n/index.fa.json,Neurobranding,Neurobranding,Neurobranding
high-latin,i18n/index.fa.json,Marketing Strategy,Marketing Strategy,Marketing Strategy
high-latin,i18n/index.fa.json,Dr. Mohammadreza Abolghasemi Dehaqani,Dr. Mohammadreza Abolghasemi Dehaqani,Dr Mohammadreza Abolghasemi Dehaqani
high-latin,i18n/index.fa.json,Dr. Saeed Eslami Bidgoli,Dr. Saeed Eslami Bidgoli,Dr Saeed Eslami Bidgoli
high-latin,i18n/index.fa.json,Dr. Omid Asgari,Dr. Omid Asgari,Dr Omid Asgari
high-latin,i18n/index.fa.json,Amir Mohammad Tehmtan,Amir Mohammad Tehmtan,Amir Mohammad Tehmtan
high-latin,i18n/index.fa.json,Samira Toofani Asl,Samira Toofani Asl,Samira Toofani Asl
high-latin,i18n/index.fa.json,Kaveh Yazdifar,Kaveh Yazdifar,Kaveh Yazdifar
high-latin,i18n/index.fa.json,Albert Heidarian,Albert Heidarian,Albert Heidarian
high-latin,i18n/index.fa.json,- Director of NeuroLab Studio,- Director از NeuroLab Studio,Director NeuroLab Studio
high-latin,i18n/index.fa.json,Hirmand Lashkari,Hirmand Lashkari,Hirmand Lashkari
high-latin,i18n/index.fa.json,Core Competencies,Core Competencies,Core Competencies
high-latin,i18n/index.fa.json,Behavioral Economics Fundamentals:,رفتاری Economics Fundamentals:,Economics Fundamentals
high-latin,i18n/index.fa.json,Neuromarketing Techniques:,Neuromarketing Techniques:,Neuromarketing Techniques
high-latin,i18n/index.fa.json,Marketing Strategy:,Marketing Strategy:,Marketing Strategy
high-latin,i18n/index.fa.json,Brand Strategy:,Brand Strategy:,Brand Strategy
high-latin,i18n/index.fa.json,National Brain Mapping Lab (NBML),National Brain Mapping Lab (NBML),National Brain Mapping Lab
high-latin,i18n/index.fa.json,Neuroeconomics:,Neuroeconomics:,Neuroeconomics
high-latin,i18n/index.fa.json,Translating basic neuroscience findings to real-world applications,Translating basic علوم اعصاب findings تا real-world applications,Translating basic findings real-world applications
high-latin,i18n/index.fa.json,Interdisciplinary Approach:,Interdisciplinary Approach:,Interdisciplinary Approach
high-latin,i18n/index.fa.json,Ability to communicate research findings to non-academic audiences,Ability تا communicate پژوهش findings تا non-academic audiences,Ability communicate findings non-academic audiences
high-latin,i18n/index.fa.json,Total Duration:,Total Duration:,Total Duration
high-latin,i18n/index.fa.json,8 comprehensive modules,۸ comprehensive modules,comprehensive modules
high-latin,i18n/index.fa.json,Hybrid (Online & In-person),Hybrid (Online و In-person),Hybrid Online In-person
high-latin,i18n/index.fa.json,Dates:,Dates:,Dates
high-latin,i18n/index.fa.json,8+ distinguished instructors,۸+ distinguished instructors,distinguished instructors
high-latin,i18n/index.fa.json,12+ major subject areas,۱۲+ major subject areas,major subject areas
high-latin,i18n/index.fa.json,Disciplines:,Disciplines:,Disciplines
high-latin,i18n/index.fa.json,Institutional Context,Institutional Context,Institutional Context
high-latin,i18n/index.fa.json,Venue:,Venue:,Venue
high-latin,i18n/index.fa.json,National Brain Mapping Lab,National Brain Mapping Lab,National Brain Mapping Lab
high-latin,i18n/index.fa.json,Support:,Support:,Support
high-latin,i18n/index.fa.json,Cognitive Sciences and Technologies Development Headquarters,شناختی Sciences و Technologies Development Headquarters,Sciences Technologies Development Headquarters
high-latin,i18n/index.fa.json,Personal Impact & Significance,Personal Impact و Significance,Personal Impact Significance
high-latin,i18n/index.fa.json,"National School of Biotechnology, Iran • January 2025","National School از Biotechnology, Iran • January ۲۰۲۵",National School Biotechnology January
high-latin,i18n/index.fa.json,6-hour advanced virtual training course,۶-hour advanced virtual training course,hour advanced virtual training course
high-latin,i18n/index.fa.json,Course Curriculum & Topics,دوره Curriculum و Topics,Curriculum Topics
high-latin,i18n/index.fa.json,Core Molecular Biology Techniques,Core Molecular Biology روش‌ها,Core Molecular Biology
high-latin,i18n/index.fa.json,1. Primer Design,۱. Primer Design,Primer Design
high-latin,i18n/index.fa.json,Design considerations for PCR and RT-PCR,Design considerations برای PCR و RT-PCR,Design considerations PCR RT-PCR
high-latin,i18n/index.fa.json,Specificity and efficiency optimization,Specificity و efficiency optimization,Specificity efficiency optimization
high-latin,i18n/index.fa.json,2. RNA Extraction,۲. RNA Extraction,RNA Extraction
high-latin,i18n/index.fa.json,RNA extraction techniques and protocols,RNA extraction techniques و protocols,RNA extraction techniques protocols
high-latin,i18n/index.fa.json,Sample preparation and handling,Sample preparation و handling,Sample preparation handling
high-latin,i18n/index.fa.json,RNase-free technique and contamination prevention,RNase-free technique و contamination prevention,RNase-free technique contamination prevention
high-latin,i18n/index.fa.json,3. Agarose Gel Electrophoresis,۳. Agarose Gel Electrophoresis,Agarose Gel Electrophoresis
high-latin,i18n/index.fa.json,Gel preparation and running procedures,Gel preparation و running procedures,Gel preparation running procedures
high-latin,i18n/index.fa.json,Nucleic acid visualization techniques,Nucleic acid visualization techniques,Nucleic acid visualization techniques
high-latin,i18n/index.fa.json,Quality assessment of PCR products,Quality assessment از PCR products,Quality assessment PCR products
high-latin,i18n/index.fa.json,4. PCR (Polymerase Chain Reaction),۴. PCR (Polymerase Chain Reaction),PCR Polymerase Chain Reaction
high-latin,i18n/index.fa.json,PCR theory and principles,PCR theory و principles,PCR theory principles
high-latin,i18n/index.fa.json,Reaction setup and optimization,Reaction setup و optimization,Reaction setup optimization
high-latin,i18n/index.fa.json,Temperature cycling protocols,Temperature cycling protocols,Temperature cycling protocols
high-latin,i18n/index.fa.json,5. Real-Time PCR (RT-PCR),۵. Real-Time PCR (RT-PCR),Real-Time PCR RT-PCR
high-latin,i18n/index.fa.json,Quantitative real-time PCR methodology,Quantitative real-time PCR methodology,Quantitative real-time PCR methodology
high-latin,i18n/index.fa.json,Normalization strategies and reference genes,Normalization strategies و reference genes,Normalization strategies reference genes
high-latin,i18n/index.fa.json,6. Troubleshooting,۶. Troubleshooting,Troubleshooting
high-latin,i18n/index.fa.json,Common problems in molecular biology experiments,Common problems در molecular biology experiments,Common problems molecular biology experiments
high-latin,i18n/index.fa.json,Diagnostic approaches for failed reactions,Diagnostic approaches برای failed reactions,Diagnostic approaches failed reactions
high-latin,i18n/index.fa.json,Optimization strategies,Optimization strategies,Optimization strategies
high-latin,i18n/index.fa.json,Quality control best practices,Quality control best practices,Quality control best practices
high-latin,i18n/index.fa.json,Advanced Level,Advanced Level,Advanced Level
high-latin,i18n/index.fa.json,Virtual Format,Virtual Format,Virtual Format
high-latin,i18n/index.fa.json,Industry Focus,Industry Focus,Industry Focus
high-latin,i18n/index.fa.json,Primer Design,Primer Design,Primer Design
high-latin,i18n/index.fa.json,RNA Extraction,RNA Extraction,RNA Extraction
high-latin,i18n/index.fa.json,Gel Electrophoresis,Gel Electrophoresis,Gel Electrophoresis
high-latin,i18n/index.fa.json,Real-Time PCR,Real-Time PCR,Real-Time PCR
high-latin,i18n/index.fa.json,Molecular Biology,Molecular Biology,Molecular Biology
high-latin,i18n/index.fa.json,Troubleshooting,Troubleshooting,Troubleshooting
high-latin,i18n/index.fa.json,Molecular Mechanisms:,Molecular Mechanisms:,Molecular Mechanisms
high-latin,i18n/index.fa.json,Methodological Integration:,Methodological Integration:,Methodological Integration
high-latin,i18n/index.fa.json,"National School of Biotechnology, Iran","National School از Biotechnology, Iran",National School Biotechnology
high-latin,i18n/index.fa.json,6 hours intensive virtual training,۶ hours intensive virtual training,hours intensive virtual training
high-latin,i18n/index.fa.json,60 hours intensive program,۶۰ hours intensive program,hours intensive program
high-latin,i18n/index.fa.json,Core Curriculum Modules,Core Curriculum Modules,Core Curriculum Modules
high-latin,i18n/index.fa.json,Module 1: Neuroanatomy (12 hours),ماژول ۱: Neuroanatomy (۱۲ hours),Neuroanatomy hours
high-latin,i18n/index.fa.json,Cranial nerves overview,Cranial nerves overview,Cranial nerves overview
high-latin,i18n/index.fa.json,Fourth ventricle anatomy and CSF flow,Fourth ventricle anatomy و CSF flow,Fourth ventricle anatomy CSF flow
high-latin,i18n/index.fa.json,Vascular anatomy of the brain,Vascular anatomy از the brain,Vascular anatomy the brain
high-latin,i18n/index.fa.json,Module 2: Neurophysiology (4 hours),ماژول ۲: Neurophysiology (۴ hours),Neurophysiology hours
high-latin,i18n/index.fa.json,Neurons and glial cells,Neurons و glial cells,Neurons glial cells
high-latin,i18n/index.fa.json,Synaptic transmission,Synaptic transmission,Synaptic transmission
high-latin,i18n/index.fa.json,Neurotransmitter types and functions,Neurotransmitter types و functions,Neurotransmitter types functions
high-latin,i18n/index.fa.json,Action potentials,Action potentials,Action potentials
high-latin,i18n/index.fa.json,Neuronal excitation and inhibition,Neuronal excitation و inhibition,Neuronal excitation inhibition
high-latin,i18n/index.fa.json,Sensory systems (general and special senses),Sensory systems (general و special senses),Sensory systems general special senses
high-latin,i18n/index.fa.json,Module 3: Brain Dissection (4 hours),ماژول ۳: Brain Dissection (۴ hours),Brain Dissection hours
high-latin,i18n/index.fa.json,3. Addiction and Substance Abuse Disorders,۳. Addiction و Substance Abuse Disorders,Addiction Substance Abuse Disorders
high-latin,i18n/index.fa.json,"4. Headache, Seizures, Stroke, and Coma","۴. Headache, Seizures, Stroke, و Coma",Headache Seizures Stroke Coma
high-latin,i18n/index.fa.json,5. Aging Disorders and Dementia,۵. Aging Disorders و Dementia,Aging Disorders Dementia
high-latin,i18n/index.fa.json,6. Brain Tumors and Neurosurgery (Neurointervention & Neuromonitoring),۶. Brain Tumors و Neurosurgery (Neurointervention و Neuromonitoring),Brain Tumors Neurosurgery Neurointervention Neuromonitoring
high-latin,i18n/index.fa.json,Definitions and classification,Definitions و classification,Definitions classification
high-latin,i18n/index.fa.json,Clinical signs/symptoms and diagnostic tools,بالینی signs/symptoms و diagnostic tools,signs symptoms diagnostic tools
high-latin,i18n/index.fa.json,Behavioral changes and brain imaging findings,رفتاری changes و brain imaging findings,changes brain imaging findings
high-latin,i18n/index.fa.json,Pathophysiology and mechanisms,Pathophysiology و mechanisms,Pathophysiology mechanisms
high-latin,i18n/index.fa.json,Latest research findings and diagnostic/therapeutic challenges,Latest پژوهش findings و diagnostic/therapeutic challenges,Latest findings diagnostic therapeutic challenges
high-latin,i18n/index.fa.json,Ethical considerations,Ethical considerations,Ethical considerations
high-latin,i18n/index.fa.json,Module 5: Laboratory Tours at NBML (4 hours),ماژول ۵: Laboratory Tours at NBML (۴ hours),Laboratory Tours at hours
high-latin,i18n/index.fa.json,Three Specialized Lab Tours:,Three Specialized Lab Tours:,Three Specialized Lab Tours
high-latin,i18n/index.fa.json,Image processing software and analysis pipelines,Image processing software و تحلیل pipelines,Image processing software pipelines
high-latin,i18n/index.fa.json,"EEG, MEG, and other electrophysiological recording systems","EEG, MEG, و other electrophysiological recording systems",MEG other electrophysiological recording systems
high-latin,i18n/index.fa.json,Signal processing techniques and software,Signal processing techniques و software,Signal processing techniques software
high-latin,i18n/index.fa.json,"C) Brain Stimulation, Cognitive Assessment & Rehabilitation Lab (1.5 hours)","C) Brain Stimulation, شناختی Assessment و Rehabilitation Lab (۱.۵ hours)",Brain Stimulation Assessment Rehabilitation Lab hours
high-latin,i18n/index.fa.json,Cognitive assessment and rehabilitation tools,شناختی assessment و rehabilitation tools,assessment rehabilitation tools
high-latin,i18n/index.fa.json,Virtual reality systems for therapeutic applications,Virtual reality systems برای therapeutic applications,Virtual reality systems therapeutic applications
high-latin,i18n/index.fa.json,Eye-tracking technology and applications,Eye-tracking technology و applications,Eye-tracking technology applications
high-latin,i18n/index.fa.json,Program Scale,Program Scale,Program Scale
high-latin,i18n/index.fa.json,20+ distinguished instructors,۲۰+ distinguished instructors,distinguished instructors
high-latin,i18n/index.fa.json,Lab Tours:,Lab Tours:,Lab Tours
high-latin,i18n/index.fa.json,3 specialized facilities,۳ specialized facilities,specialized facilities
high-latin,i18n/index.fa.json,Institutional Affiliations,Institutional Affiliations,Institutional Affiliations
high-latin,i18n/index.fa.json,Tehran UMS,Tehran UMS,UMS
high-latin,i18n/index.fa.json,Iran UMS,Iran UMS,UMS
high-latin,i18n/index.fa.json,Other Universities,Other Universities,Other Universities
high-latin,i18n/index.fa.json,International,International,International
high-latin,i18n/index.fa.json,- 1 (Laureate Institute),- ۱ (Laureate Institute),Laureate Institute
high-latin,i18n/index.fa.json,Disciplines Covered,Disciplines Covered,Disciplines Covered
high-latin,i18n/index.fa.json,Foundational Knowledge:,Foundational Knowledge:,Foundational Knowledge
high-latin,i18n/index.fa.json,Translational Perspective:,Translational Perspective:,Translational Perspective
high-latin,i18n/index.fa.json,Facilities include:,Facilities include:,Facilities include
high-latin,i18n/index.fa.json,Personal Impact & Relevance,Personal Impact و Relevance,Personal Impact Relevance
high-latin,i18n/index.fa.json,NeuroTRACT Association • 2023-2024 • One-Year Intensive Program,NeuroTRACT همبستگی • ۲۰۲۳-۲۰۲۴ • One-Year Intensive Program,One-Year Intensive Program
high-latin,i18n/index.fa.json,Structure:,Structure:,Structure
high-latin,i18n/index.fa.json,International English certificate,International English certificate,International English certificate
high-latin,i18n/index.fa.json,Advanced Python Skills:,Advanced Python Skills:,Advanced Skills
high-latin,i18n/index.fa.json,Interdisciplinary Perspective:,Interdisciplinary Perspective:,Interdisciplinary Perspective
high-latin,i18n/index.fa.json,Total Sessions:,Total Sessions:,Total Sessions
high-latin,i18n/index.fa.json,34 lectures,۳۴ lectures,lectures
high-latin,i18n/index.fa.json,Three-Phase Structure,Three-Phase Structure,Three-Phase Structure
high-latin,i18n/index.fa.json,13 lectures,۱۳ lectures,lectures
high-latin,i18n/index.fa.json,11 lectures,۱۱ lectures,lectures
high-latin,i18n/index.fa.json,10 lectures,۱۰ lectures,lectures
high-latin,i18n/index.fa.json,Core Topics (13 Sessions),Core Topics (۱۳ Sessions),Core Topics Sessions
high-latin,i18n/index.fa.json,Basic Neuroanatomy,Basic Neuroanatomy,Basic Neuroanatomy
high-latin,i18n/index.fa.json,Neuronal Signaling and Synaptic Transmission,Neuronal Signaling و Synaptic Transmission,Neuronal Signaling Synaptic Transmission
high-latin,i18n/index.fa.json,General Principles of Sensory System,General Principles از Sensory System,General Principles Sensory System
high-latin,i18n/index.fa.json,Audition & Vestibular Sensation,Audition و Vestibular Sensation,Audition Vestibular Sensation
high-latin,i18n/index.fa.json,Chemical Sense,Chemical Sense,Chemical Sense
high-latin,i18n/index.fa.json,Lower and Upper Motor Neurons,Lower و Upper Motor Neurons,Lower Upper Motor Neurons
high-latin,i18n/index.fa.json,Neuroembryology,Neuroembryology,Neuroembryology
high-latin,i18n/index.fa.json,Neuroplasticity,Neuroplasticity,Neuroplasticity
high-latin,i18n/index.fa.json,Associational Cortex,Associational Cortex,Associational Cortex
high-latin,i18n/index.fa.json,Neurodegenerative Diseases and Dementia,Neurodegenerative Diseases و Dementia,Neurodegenerative Diseases Dementia
high-latin,i18n/index.fa.json,Epilepsy and Seizures,Epilepsy و Seizures,Epilepsy Seizures
high-latin,i18n/index.fa.json,Altered Mental Status and Brain Death,Altered Mental Status و Brain Death,Altered Mental Status Brain Death
high-latin,i18n/index.fa.json,Addiction,Addiction,Addiction
high-latin,i18n/index.fa.json,Neural Mechanisms of Stroke,Neural Mechanisms از Stroke,Neural Mechanisms Stroke
high-latin,i18n/index.fa.json,Movement Disorders,Movement Disorders,Movement Disorders
high-latin,i18n/index.fa.json,Neurodevelopmental Disorders,Neurodevelopmental Disorders,Neurodevelopmental Disorders
high-latin,i18n/index.fa.json,Personality Disorders,Personality Disorders,Personality Disorders
high-latin,i18n/index.fa.json,Depression and Mood Disorders,Depression و Mood Disorders,Depression Mood Disorders
high-latin,i18n/index.fa.json,Speech and Language Disorders,Speech و Language Disorders,Speech Language Disorders
high-latin,i18n/index.fa.json,Abstract Function,Abstract Function,Abstract Function
high-latin,i18n/index.fa.json,Perception,Perception,Perception
high-latin,i18n/index.fa.json,Intelligence,Intelligence,Intelligence
high-latin,i18n/index.fa.json,Sleep,Sleep,Sleep
high-latin,i18n/index.fa.json,Individual Differences,Individual Differences,Individual Differences
high-latin,i18n/index.fa.json,Reward and Happiness,Reward و Happiness,Reward Happiness
high-latin,i18n/index.fa.json,Consciousness,Consciousness,Consciousness
high-latin,i18n/index.fa.json,Prof. Gholamreza Hassanzadeh,Prof. Gholamreza Hassanzadeh,Prof Gholamreza Hassanzadeh
high-latin,i18n/index.fa.json,Prof. Mohammad Arbabi,Prof. Mohammad Arbabi,Prof Mohammad Arbabi
high-latin,i18n/index.fa.json,Dr. Abbas Tafakhori,Dr. Abbas Tafakhori,Dr Abbas Tafakhori
high-latin,i18n/index.fa.json,Dr. Mojdeh Ghabaee,Dr. Mojdeh Ghabaee,Dr Mojdeh Ghabaee
high-latin,i18n/index.fa.json,Dr. Mohammad Effatpanah,Dr. Mohammad Effatpanah,Dr Mohammad Effatpanah
high-latin,i18n/index.fa.json,Dr. Payam Sarraf,Dr. Payam Sarraf,Dr Payam Sarraf
high-latin,i18n/index.fa.json,Dr. Sakineh Ranji,Dr. Sakineh Ranji,Dr Sakineh Ranji
high-latin,i18n/index.fa.json,Dr. Hamed Amirifard,Dr. Hamed Amirifard,Dr Hamed Amirifard
high-latin,i18n/index.fa.json,Dr. Esmaeil Riahi,Dr. Esmaeil Riahi,Dr Esmaeil Riahi
high-latin,i18n/index.fa.json,Shiraz University of Medical Sciences,Shiraz University از Medical Sciences,Shiraz University Medical Sciences
high-latin,i18n/index.fa.json,Prof. Masoumeh Hatem,Prof. Masoumeh Hatem,Prof Masoumeh Hatem
high-latin,i18n/index.fa.json,Prof. Arash Mani,Prof. Arash Mani,Prof Arash Mani
high-latin,i18n/index.fa.json,Prof. Tahereh Talaei,Prof. Tahereh Talaei,Prof Tahereh Talaei
high-latin,i18n/index.fa.json,Dr. Ghazal Rashdi,Dr. Ghazal Rashdi,Dr Ghazal Rashdi
high-latin,i18n/index.fa.json,"- PhD in Physiotherapy, Scientific Director of New Horizons in Rehabilitation Congress","- PhD در Physiotherapy, Scientific Director از New Horizons در Rehabilitation Congress",PhD Physiotherapy Scientific Director New Horizons Rehabilitation Congress
high-latin,i18n/index.fa.json,Iran University of Medical Sciences,Iran University از Medical Sciences,University Medical Sciences
high-latin,i18n/index.fa.json,Prof. Seyed Vahid Shariat,Prof. Seyed Vahid Shariat,Prof Seyed Vahid Shariat
high-latin,i18n/index.fa.json,Dr. Mohammad Ghadiri,Dr. Mohammad Ghadiri,Dr Mohammad Ghadiri
high-latin,i18n/index.fa.json,Dr. Navid Mirzakhani,Dr. Navid Mirzakhani,Dr Navid Mirzakhani
high-latin,i18n/index.fa.json,Dr. Reyhaneh Mohammadi,Dr. Reyhaneh Mohammadi,Dr Reyhaneh
high-latin,i18n/index.fa.json,International Faculty,International Faculty,International Faculty
high-latin,i18n/index.fa.json,Dr. Mahsa Mayeli,Dr. Mahsa Mayeli,Dr Mahsa Mayeli
high-latin,i18n/index.fa.json,Dr. Parnian Rafei,Dr. Parnian Rafei,Dr Parnian Rafei
high-latin,i18n/index.fa.json,Dr. Amirhossein Jalali,Dr. Amirhossein Jalali,Dr Amirhossein Jalali
high-latin,i18n/index.fa.json,Additional Specialized Faculty,Additional Specialized Faculty,Additional Specialized Faculty
high-latin,i18n/index.fa.json,Dr. Ahmadreza Khatoonabadi,Dr. Ahmadreza Khatoonabadi,Dr Ahmadreza Khatoonabadi
high-latin,i18n/index.fa.json,Dr. Ehsan Negin,Dr. Ehsan Negin,Dr Ehsan Negin
high-latin,i18n/index.fa.json,Dr. Hojjatollah Haghgoo,Dr. Hojjatollah Haghgoo,Dr Hojjatollah Haghgoo
high-latin,i18n/index.fa.json,Dr. Alireza Valizadeh,Dr. Alireza Valizadeh,Dr Alireza Valizadeh
high-latin,i18n/index.fa.json,About NeuroTRACT Association,About NeuroTRACT Association,About Association
high-latin,i18n/index.fa.json,Completion Details,Completion Details,Completion Details
high-latin,i18n/index.fa.json,One full year (2023-2024),One full year (۲۰۲۳-۲۰۲۴),One full year
high-latin,i18n/index.fa.json,13 sessions,۱۳ sessions,sessions
high-latin,i18n/index.fa.json,11 sessions,۱۱ sessions,sessions
high-latin,i18n/index.fa.json,10 sessions,۱۰ sessions,sessions
high-latin,i18n/index.fa.json,All phases completed,All phases completed,All phases completed
high-latin,i18n/index.fa.json,Curriculum Base:,Curriculum Base:,Curriculum Base
high-latin,i18n/index.fa.json,Instruction Language:,Instruction Language:,Instruction Language
high-latin,i18n/index.fa.json,30+ distinguished professors,۳۰+ distinguished professors,distinguished professors
high-latin,i18n/index.fa.json,Knowledge Domains,Knowledge Domains,Knowledge Domains
high-latin,i18n/index.fa.json,Basic:,Basic:,Basic
high-latin,i18n/index.fa.json,"Neuroanatomy, physiology, signaling","Neuroanatomy, physiology, signaling",Neuroanatomy physiology signaling
high-latin,i18n/index.fa.json,Neurological & psychiatric disorders,Neurological و psychiatric disorders,Neurological psychiatric disorders
high-latin,i18n/index.fa.json,Higher brain functions,Higher مغز functions,Higher functions
high-latin,i18n/index.fa.json,Personal Achievement & Impact,Personal Achievement و Impact,Personal Achievement Impact
high-latin,i18n/index.fa.json,Sustained Commitment:,Sustained Commitment:,Sustained Commitment
high-latin,i18n/index.fa.json,International Standards:,International Standards:,International Standards
high-latin,i18n/index.fa.json,Breadth of Knowledge:,Breadth از Knowledge:,Breadth Knowledge
high-latin,i18n/index.fa.json,Distinguished faculty:,Distinguished faculty:,Distinguished faculty
high-latin,i18n/index.fa.json,4-Day Intensive Program (12 hours hands-on),۴-Day Intensive Program (۱۲ hours hands-on),Day Intensive Program hours hands-on
high-latin,i18n/index.fa.json,"DNA Extraction, RT-PCR, Real-Time PCR, Gene Expression Analysis","DNA Extraction, RT-PCR, Real-Time PCR, Gene Expression تحلیل",DNA Extraction RT-PCR Real-Time PCR Gene Expression
high-latin,i18n/index.fa.json,4 assessment-focused courses (9 credits),۴ assessment-focused courses (۹ واحد),assessment-focused courses
high-latin,i18n/index.fa.json,"WAIS-IV, WISC-IV, NEO-PI-R, MMPI, Psychometric Analysis","WAIS-IV, WISC-IV, NEO-PI-R, MMPI, Psychometric تحلیل",WAIS-IV WISC-IV NEO-PI-R MMPI Psychometric
high-latin,i18n/index.fa.json,"Neuroimaging, Signal Processing, Brain Stimulation","Neuroimaging, Signal Processing, Brain Stimulation",Neuroimaging Signal Processing Brain Stimulation
high-latin,i18n/index.fa.json,"fMRI, EEG, MEG, TMS, tDCS, VR systems","fMRI, EEG, MEG, TMS, tDCS, VR systems",MEG TMS tDCS VR systems
high-latin,i18n/index.fa.json,Molecular Techniques,Molecular Techniques,Molecular Techniques
high-latin,i18n/index.fa.json,"DNA extraction, PCR, RT-PCR, qPCR, gene expression analysis, spectrophotometry","DNA extraction, PCR, RT-PCR, qPCR, gene expression تحلیل, spectrophotometry",DNA extraction PCR RT-PCR qPCR gene expression spectrophotometry
high-latin,i18n/index.fa.json,Psychometric Skills,Psychometric Skills,Psychometric Skills
high-latin,i18n/index.fa.json,Neuroimaging Exposure,Neuroimaging Exposure,Neuroimaging Exposure
high-latin,i18n/index.fa.json,"Psychometrics & Assessment Training | Tehran, Iran","Psychometrics و Assessment Training | Tehran, Iran",Psychometrics Assessment Training
high-latin,i18n/index.fa.json,2 (1 Theoretical + 1 Practical) •,۲ (۱ Theoretical + ۱ Practical) •,Theoretical Practical
high-latin,i18n/index.fa.json,Test construction and validation principles,Test construction و validation principles,Test construction validation principles
high-latin,i18n/index.fa.json,Psychological Tests 1 (Fall 2021),Psychological Tests ۱ (Fall ۲۰۲۱),Psychological Tests Fall
high-latin,i18n/index.fa.json,Focus: Intelligence Assessment,Focus: Intelligence Assessment,Focus Intelligence Assessment
high-latin,i18n/index.fa.json,Child intelligence assessment protocols,Child intelligence assessment protocols,Child intelligence assessment protocols
high-latin,i18n/index.fa.json,Clinical interpretation of subtest patterns,بالینی interpretation از subtest patterns,interpretation subtest patterns
high-latin,i18n/index.fa.json,Ethical considerations in intelligence testing,Ethical considerations در intelligence testing,Ethical considerations intelligence testing
high-latin,i18n/index.fa.json,Psychological Tests 2 (Spring 2023),Psychological Tests ۲ (Spring ۲۰۲۳),Psychological Tests Spring
high-latin,i18n/index.fa.json,Focus: Personality & Clinical Assessment,Focus: Personality و بالینی Assessment,Focus Personality Assessment
high-latin,i18n/index.fa.json,Five-Factor Model personality assessment,Five-Factor Model personality assessment,Five-Factor Model personality assessment
high-latin,i18n/index.fa.json,Clinical personality inventory administration,بالینی personality inventory administration,personality inventory administration
high-latin,i18n/index.fa.json,Projective Tests:,Projective Tests:,Projective Tests
high-latin,i18n/index.fa.json,"TAT, Rorschach introduction","TAT, Rorschach introduction",TAT Rorschach introduction
high-latin,i18n/index.fa.json,3 (2 Theoretical + 1 Practical) •,۳ (۲ Theoretical + ۱ Practical) •,Theoretical Practical
high-latin,i18n/index.fa.json,Laboratory equipment operation and experimental protocols,Laboratory equipment operation و experimental protocols,Laboratory equipment operation experimental protocols
high-latin,i18n/index.fa.json,Data collection in controlled laboratory settings,داده collection در controlled laboratory settings,collection controlled laboratory settings
high-latin,i18n/index.fa.json,Experimental design implementation and execution,Experimental design implementation و execution,Experimental design implementation execution
high-latin,i18n/index.fa.json,Cumulative Training Statistics,Cumulative Training آمار,Cumulative Training
high-latin,i18n/index.fa.json,4 assessment-focused courses,۴ assessment-focused courses,assessment-focused courses
high-latin,i18n/index.fa.json,Time Period:,Time Period:,Time Period
high-latin,i18n/index.fa.json,Intelligence Testing:,Intelligence Testing:,Intelligence Testing
high-latin,i18n/index.fa.json,"WAIS-IV, WISC-IV","WAIS-IV, WISC-IV",WAIS-IV WISC-IV
high-latin,i18n/index.fa.json,Personality Assessment:,Personality Assessment:,Personality Assessment
high-latin,i18n/index.fa.json,"NEO-PI-R, MMPI","NEO-PI-R, MMPI",NEO-PI-R MMPI
high-latin,i18n/index.fa.json,"BDI-II, BAI, screening tools","BDI-II, BAI, screening tools",BDI-II BAI screening tools
high-latin,i18n/index.fa.json,Training Context & Learning Environment,Training Context و Learning Environment,Training Context Learning Environment
high-latin,i18n/index.fa.json,Administer standardized tests:,Administer standardized tests:,Administer standardized tests
high-latin,i18n/index.fa.json,Score assessments accurately:,Score assessments accurately:,Score assessments accurately
high-latin,i18n/index.fa.json,Manual scoring and interpretation of results,Manual scoring و interpretation از results,Manual scoring interpretation results
high-latin,i18n/index.fa.json,Structured and semi-structured interview techniques,Structured و semi-structured interview techniques,Structured semi-structured interview techniques
high-latin,i18n/index.fa.json,Observe behavior systematically:,Observe behavior systematically:,Observe behavior systematically
high-latin,i18n/index.fa.json,Write professional reports:,Write professional reports:,Write professional reports
high-latin,i18n/index.fa.json,Apply ethical standards:,Apply ethical standards:,Apply ethical standards
high-latin,i18n/index.fa.json,Test Administration,Test Administration,Test Administration
high-latin,i18n/index.fa.json,Scoring Accuracy,Scoring Accuracy,Scoring Accuracy
high-latin,i18n/index.fa.json,Report Writing,Report Writing,Report Writing
high-latin,i18n/index.fa.json,Ethical Practice,Ethical Practice,Ethical Practice
high-latin,i18n/index.fa.json,Neuroimaging & Image Processing Lab,Neuroimaging و Image Processing Lab,Neuroimaging Image Processing Lab
high-latin,i18n/index.fa.json,Signal Processing & Electrophysiology Lab,Signal Processing و Electrophysiology Lab,Signal Processing Electrophysiology Lab
high-latin,i18n/index.fa.json,"EEG, MEG, and electrophysiological recording systems","EEG, MEG, و electrophysiological recording systems",MEG electrophysiological recording systems
high-latin,i18n/index.fa.json,Brain Stimulation & Cognitive Rehabilitation Lab,Brain Stimulation و شناختی Rehabilitation Lab,Brain Stimulation Rehabilitation Lab
high-latin,i18n/index.fa.json,TMS and tDCS equipment for brain stimulation,TMS و tDCS equipment برای brain stimulation,TMS tDCS equipment brain stimulation
high-latin,i18n/index.fa.json,Virtual reality therapeutic applications,Virtual reality therapeutic applications,Virtual reality therapeutic applications
high-latin,i18n/index.fa.json,Eye-tracking technology demonstration,Eye-tracking technology demonstration,Eye-tracking technology demonstration
high-latin,i18n/index.fa.json,Range:,Range:,Range
high-latin,i18n/index.fa.json,"Psychopathology, Counseling, Clinical Practice","Psychopathology, Counseling, بالینی Practice",Psychopathology Counseling Practice
high-latin,i18n/index.fa.json,Focus Areas:,Focus Areas:,Focus Areas
high-latin,i18n/index.fa.json,"Lifespan Development, Family Systems, Social Psychology","Lifespan Development, Family Systems, Social روان‌شناسی",Lifespan Development Family Systems Social
high-latin,i18n/index.fa.json,1 Practical •,۱ Practical •,Practical
high-latin,i18n/index.fa.json,2 Practical •,۲ Practical •,Practical
high-latin,i18n/index.fa.json,1 (0.5 Theo + 0.5 Prac) •,۱ (۰.۵ Theo + ۰.۵ Prac) •,Theo Prac
high-latin,i18n/index.fa.json,"Special Needs, Addiction, Rehabilitation","Special Needs, Addiction, Rehabilitation",Special Needs Addiction Rehabilitation
high-latin,i18n/index.fa.json,3 Theoretical •,۳ Theoretical •,Theoretical
high-latin,i18n/index.fa.json,1 Theoretical •,۱ Theoretical •,Theoretical
high-latin,i18n/index.fa.json,Summer Semester 2023-2024,Summer Semester ۲۰۲۳-۲۰۲۴,Summer Semester
high-latin,i18n/index.fa.json,"Persian, English, Technical English","Persian, English, Technical English",Persian English Technical English
high-latin,i18n/index.publications.fa.json,Islands of Your Mind (Book),Islands از Your Mind (Book),Your Book
high-latin,i18n/index.publications.fa.json,Neural Mechanisms of Cognitive–Emotional Integration,Neural Mechanisms از شناختی–Emotional Integration,Neural Mechanisms Emotional Integration
high-latin,i18n/index.publications.fa.json,✓ PUBLISHED PREPRINT,✓ PUBLISHED PREPRINT,PUBLISHED PREPRINT
high-latin,i18n/index.publications.fa.json,📖 FINAL MANUSCRIPT,📖 FINAL MANUSCRIPT,FINAL MANUSCRIPT
high-latin,i18n/index.publications.fa.json,Beauty Filters & Adolescent Self-Perception (Neurocognitive Framework),Beauty Filters و Adolescent Self-Perception (Neurocognitive چارچوب),Beauty Filters Adolescent Self-Perception Neurocognitive
high-latin,i18n/index.publications.fa.json,🔬 OSF / PROJECT PAGE,🔬 OSF / PROJECT PAGE,PROJECT PAGE
high-latin,i18n/index.publications.fa.json,Subtitle:,Subtitle:,Subtitle
high-latin,i18n/index.research.fa.json,Timeline:,Timeline:,Timeline
high-latin,i18n/index.research.fa.json,Pre-Registered,Pre-Registered,Pre-Registered
high-latin,i18n/index.research.fa.json,Service Workers,Service Workers,Workers
high-latin,i18n/index.research.fa.json,Workflow Templates,Workflow Templates,Workflow Templates
high-latin,i18n/index.research.fa.json,Mind Islands (THINK-360 Variant),Mind Islands (THINK-۳۶۰ Variant),THINK- Variant
high-latin,i18n/index.research.fa.json,FA/EN,FA/EN,FA EN
high-latin,i18n/index.research.fa.json,THINK-360 Lineage,THINK-۳۶۰ Lineage,THINK- Lineage
high-latin,i18n/index.research.fa.json,Psychoeducation,Psychoeducation,Psychoeducation
high-latin,i18n/index.skills.fa.json,SciPy,SciPy,SciPy
high-latin,i18n/index.skills.fa.json,tidyverse,tidyverse,tidyverse
high-latin,i18n/index.skills.fa.json,Gene expression,Gene expression,Gene expression
high-latin,i18n/index.skills.fa.json,Statistical inference & reliability,آماری inference و reliability,inference reliability
high-latin,i18n/index.skills.fa.json,BI,BI,BI
high-latin,i18n/index.skills.fa.json,TypeScript,TypeScript,TypeScript
high-latin,i18n/index.skills.fa.json,Tableau,Tableau,Tableau
high-latin,i18n/index.skills.fa.json,Power BI,Power BI,Power BI
high-latin,i18n/index.skills.fa.json,DAX,DAX,DAX
high-latin,i18n/index.skills.fa.json,RT‑PCR,RT‑PCR,RT PCR
high-latin,i18n/index.skills.fa.json,scikit‑learn,scikit‑learn,scikit learn
high-latin,i18n/index.skills.fa.json,React,React,React
high-latin,i18n/index.skills.fa.json,Reproducible reporting,Reproducible reporting,Reproducible reporting
high-latin,i18n/index.skills.fa.json,Psychophysiology & biofeedback,Psychophysiology و biofeedback,Psychophysiology biofeedback
high-latin,i18n/index.skills.fa.json,rstan,rstan,rstan
high-latin,i18n/index.skills.fa.json,Technical toolkit,Technical toolkit,Technical toolkit
high-latin,i18n/index.skills.fa.json,Computational modeling & decision‑making,Computational modeling و decision‑making,Computational modeling decision making
high-latin,i18n/index.skills.fa.json,matplotlib,matplotlib,matplotlib
high-latin,i18n/index.skills.fa.json,Recharts,Recharts,Recharts
high-latin,i18n/index.skills.fa.json,Portfolio: THINK‑360+,Portfolio: THINK‑۳۶۰+,Portfolio
high-latin,i18n/index.skills.fa.json,OSF (preprints / registrations),OSF (preprints / registrations),preprints registrations
high-latin,i18n/index.skills.fa.json,Frequent use,Frequent use,Frequent use
high-latin,i18n/pfc.fa.json,"Scrollable, grouped sections","Scrollable, grouped sections",Scrollable grouped sections
high-latin,i18n/pfc.fa.json,PFC–Limbic Flexibility,PFC–Limbic Flexibility,Limbic Flexibility
high-latin,i18n/pfc.fa.json,PFC–limbic flexibility,PFC–limbic flexibility,limbic flexibility
high-latin,i18n/pfc.fa.json,strength and timing,strength و timing,strength timing
high-latin,i18n/pfc.fa.json,amygdala–hippocampal and valuation circuits,amygdala–hippocampal و valuation circuits,amygdala hippocampal valuation circuits
high-latin,i18n/pfc.fa.json,Three Gaps This Framework Addresses,Three Gaps This چارچوب Addresses,Three Gaps This Addresses
high-latin,i18n/pfc.fa.json,Concept Map,Concept Map,Concept Map
high-latin,i18n/pfc.fa.json,Construct & Operationalization,Construct و Operationalization,Construct Operationalization
high-latin,i18n/pfc.fa.json,Operationalization Matrix (Table 1),Operationalization Matrix (Table ۱),Operationalization Matrix Table
high-latin,i18n/pfc.fa.json,Dimension,Dimension,Dimension
high-latin,i18n/pfc.fa.json,Falsifiability Criteria,Falsifiability Criteria,Falsifiability Criteria
high-latin,i18n/pfc.fa.json,Note:,Note:,Note
high-latin,i18n/pfc.fa.json,Core Persuasion Paradigm,Core Persuasion Paradigm,Core Persuasion Paradigm
high-latin,i18n/pfc.fa.json,Emotionally Framed Persuasion,Emotionally Framed Persuasion,Emotionally Framed Persuasion
high-latin,i18n/pfc.fa.json,Informational Control,Informational Control,Informational Control
high-latin,i18n/pfc.fa.json,Power Consideration,Power Consideration,Power Consideration
high-latin,i18n/pfc.fa.json,Pragmatic Hybrid EEG-fMRI Agenda,Pragmatic Hybrid EEG-fMRI Agenda,Pragmatic Hybrid EEG-fMRI Agenda
high-latin,i18n/pfc.fa.json,Risk / Failure Point,Risk / Failure Point,Risk Failure Point
high-latin,i18n/pfc.fa.json,Why It Matters,Why It Matters,Why It Matters
high-latin,i18n/pfc.fa.json,Mitigation (Minimum),Mitigation (Minimum),Mitigation Minimum
high-latin,i18n/pfc.fa.json,Reporting Requirement,Reporting Requirement,Reporting Requirement
high-latin,i18n/pfc.fa.json,Modality-Linked,Modality-Linked,Modality-Linked
high-latin,i18n/pfc.fa.json,Testable with current methods,Testable با current methods,Testable current methods
high-latin,i18n/pfc.fa.json,Important Note,Important Note,Important Note
high-latin,i18n/pfc.fa.json,Outcome by Regulatory Stance,Outcome by Regulatory Stance,Outcome by Regulatory Stance
high-latin,i18n/pfc.fa.json,Illustrative scatter (toy data),Illustrative scatter (toy داده),Illustrative scatter toy
high-latin,i18n/pfc.fa.json,H1 Related,H۱ Related,Related
high-latin,i18n/pfc.fa.json,Illustrative curve (toy data),Illustrative curve (toy داده),Illustrative curve toy
high-latin,i18n/pfc.fa.json,H3 Related,H۳ Related,Related
high-latin,i18n/pfc.fa.json,Stress Level:,Stress Level:,Stress Level
high-latin,i18n/pfc.fa.json,EEG Theta vs ACC BOLD Engagement,EEG Theta در برابر ACC BOLD Engagement,Theta ACC BOLD Engagement
high-latin,i18n/pfc.fa.json,H2 Related,H۲ Related,Related
high-latin,i18n/pfc.fa.json,no new empirical data,no new empirical داده,no new empirical
high-latin,i18n/pfc.fa.json,Ethical Safeguards,Ethical Safeguards,Ethical Safeguards
high-latin,i18n/pfc.fa.json,Dual-Use Risk,Dual-Use Risk,Dual-Use Risk
high-latin,i18n/pfc.fa.json,dual-use,dual-use,dual-use
high-latin,i18n/pfc.fa.json,Governance Checklist (Box 1),Governance Checklist (Box ۱),Governance Checklist Box
high-latin,i18n/pfc.fa.json,protect,protect,protect
high-latin,i18n/pfc.fa.json,exploit,exploit,exploit
high-latin,i18n/pfc.fa.json,Good news:,Good news:,Good news
high-latin,i18n/pfc.fa.json,PFC–Limbic,PFC–Limbic,Limbic
high-latin,i18n/pfc.fa.json,Operationalization,Operationalization,Operationalization
high-latin,i18n/pfc.fa.json,Dual-Use Governance,Dual-Use Governance,Dual-Use Governance
high-latin,i18n/pfc.fa.json,Integration Gap,Integration Gap,Integration Gap
high-latin,i18n/pfc.fa.json,Construct Gap,Construct Gap,Construct Gap
high-latin,i18n/pfc.fa.json,Methods + Governance Gap,Methods + Governance Gap,Methods Governance Gap
high-latin,i18n/pfc.fa.json,PFC / ACC,PFC / ACC,ACC
high-latin,i18n/pfc.fa.json,Salience Detection,Salience Detection,Salience Detection
high-latin,i18n/pfc.fa.json,Hippocampus,Hippocampus,Hippocampus
high-latin,i18n/pfc.fa.json,Valuation Network,Valuation Network,Valuation Network
high-latin,i18n/pfc.fa.json,vmPFC/OFC + VS,vmPFC/OFC + VS,vmPFC OFC VS
high-latin,i18n/pfc.fa.json,Stress / Allostasis,Stress / Allostasis,Stress Allostasis
high-latin,i18n/pfc.fa.json,Plasticity + Bias,Plasticity + Bias,Plasticity Bias
high-latin,i18n/pfc.fa.json,Interpersonal Synchrony,Interpersonal Synchrony,Interpersonal Synchrony
high-latin,i18n/pfc.fa.json,Context Sensitivity,Context Sensitivity,Context Sensitivity
high-latin,i18n/pfc.fa.json,Configurational Diversity,Configurational Diversity,Configurational Diversity
high-latin,i18n/pfc.fa.json,Unimodal Validation,Unimodal Validation,Unimodal Validation
high-latin,i18n/pfc.fa.json,Simultaneous EEG-fMRI,Simultaneous EEG-fMRI,Simultaneous EEG-fMRI
high-latin,i18n/pfc.fa.json,Extensions,Extensions,Extensions
high-latin,i18n/pfc.fa.json,Stress Reduces Flexibility,Stress Reduces Flexibility,Stress Reduces Flexibility
high-latin,i18n/pfc.fa.json,Purpose Limitation,هدف Limitation,Limitation
high-latin,i18n/pfc.fa.json,Vulnerability Protections,Vulnerability Protections,Vulnerability Protections
high-latin,i18n/pfc.fa.json,Independent Oversight,Independent Oversight,Independent Oversight
high-latin,i18n/pfc.fa.json,Reproducibility,Reproducibility,Reproducibility
high-latin,i18n/pfc.fa.json,Narrative Review,Narrative Review,Narrative Review
high-latin,i18n/pfc.fa.json,Methodological Heterogeneity,Methodological Heterogeneity,Methodological Heterogeneity
high-latin,i18n/pfc.fa.json,Construct Validation Needed,Construct Validation Needed,Construct Validation Needed
high-latin,i18n/pfc.fa.json,Technical Demands,Technical Demands,Technical Demands
high-latin,i18n/pfc.fa.json,Ethical Sensitivity,Ethical Sensitivity,Ethical Sensitivity
high-latin,i18n/pfc.fa.json,Illustrative Visualizations,Illustrative Visualizations,Illustrative Visualizations
high-latin,i18n/pfc.fa.json,Presentation Layer,Presentation Layer,Presentation Layer
high-latin,i18n/pfc.fa.json,Prefrontal Control,Prefrontal Control,Prefrontal Control
high-latin,i18n/pfc.fa.json,Limbic Regions,Limbic Regions,Limbic Regions
high-latin,i18n/pfc.fa.json,Valuation,Valuation,Valuation
high-latin,i18n/pfc.fa.json,Affect ratings,Affect ratings,Affect ratings
high-latin,i18n/pfc.fa.json,Incentive-compatible choices,Incentive-compatible choices,Incentive-compatible choices
high-latin,i18n/pfc.fa.json,Stress/allostatic indicators,Stress/allostatic indicators,Stress allostatic indicators
high-latin,i18n/pfc.fa.json,Paradigm,Paradigm,Paradigm
high-latin,i18n/pfc.fa.json,EEG-fMRI Agenda,EEG-fMRI Agenda,EEG-fMRI Agenda
high-latin,i18n/pfc.fa.json,Visualizations,Visualizations,Visualizations
high-latin,i18n/pfc.fa.json,Governance,Governance,Governance
high-latin,i18n/pfc.fa.json,Active resistance to persuasive content,Active resistance تا persuasive content,Active resistance persuasive content
high-latin,i18n/pfc.fa.json,Baseline condition without active regulation,Baseline condition without active regulation,Baseline condition without active regulation
high-latin,i18n/pfc.fa.json,Emotional response measurements,Emotional response measurements,Emotional response measurements
high-latin,i18n/pfc.fa.json,"PFC–limbic flexibility as a falsifiable, multidimensional framework","PFC–limbic flexibility as a falsifiable, multidimensional چارچوب",limbic flexibility as a falsifiable multidimensional
high-latin,i18n/pfc.fa.json,Passive Viewing,Passive Viewing,Passive Viewing
high-latin,i18n/pfc.fa.json,Reappraisal-like Regulation,Reappraisal-like Regulation,Reappraisal-like Regulation
high-latin,i18n/pfc.fa.json,Resistance (Counter-arguing),Resistance (Counter-arguing),Resistance Counter-arguing
high-latin,i18n/pfc.fa.json,Staged EEG → fMRI → simultaneous EEG-fMRI research agenda,Staged EEG → fMRI → simultaneous EEG-fMRI پژوهش agenda,Staged simultaneous EEG-fMRI agenda
high-latin,i18n/pfc.fa.json,Stress/Context,Stress/Context,Stress Context
high-latin,i18n/pfc.fa.json,"When feasible, real behavioral outcomes","When feasible, real رفتاری outcomes",When feasible real outcomes
high-latin,i18n/pfc.fa.json,🔬 OSF Project,🔬 OSF Project,Project
high-latin,i18n/theori.fa.json,Digital Mirror Exposure Paradox,Digital Mirror Exposure Paradox,Digital Mirror Exposure Paradox
high-latin,i18n/theori.fa.json,Authors: Melika Dabagh Mohammadi · Amirmohammad Lotfifar,Authors: Melika Dabagh Mohammadi · Amirmohammad Lotfifar,Dabagh
high-latin,i18n/theori.fa.json,Download DOCX,Download DOCX,Download
high-latin,i18n/theori.fa.json,Owner,Owner,Owner
high-latin,i18n/theori.fa.json,"Framework summary, indicators, testable hypotheses","چارچوب summary, indicators, testable hypotheses",summary indicators testable hypotheses
high-latin,i18n/theori.fa.json,Exposure Paradox,Exposure Paradox,Exposure Paradox
high-latin,i18n/theori.fa.json,Self‑Discrepancy,خود‑Discrepancy,Discrepancy
high-latin,i18n/theori.fa.json,Perceptual Adaptation,Perceptual Adaptation,Perceptual Adaptation
high-latin,i18n/theori.fa.json,Social Reinforcement,Social Reinforcement,Social Reinforcement
high-latin,i18n/theori.fa.json,D(t) = δ₀ + β₁F(t) + β₂S(t) + β₃F(t)×S(t),D(t) = δ₀ + β₁F(t) + β₂S(t) + β₃F(t)×S(t),D t t t t S t
high-latin,i18n/theori.fa.json,model,model,model
high-latin,i18n/theori.fa.json,F(t) (Filter Exposure),F(t) (Filter Exposure),F t Filter Exposure
high-latin,i18n/theori.fa.json,S(t) (Social Feedback),S(t) (Social Feedback),S t Social Feedback
high-latin,i18n/theori.fa.json,D(t) (Dissatisfaction),D(t) (Dissatisfaction),D t Dissatisfaction
high-latin,i18n/theori.fa.json,1) Algorithmic Enhancement,۱) Algorithmic Enhancement,Algorithmic Enhancement
high-latin,i18n/theori.fa.json,observable,observable,observable
high-latin,i18n/theori.fa.json,2) Actual–Digital Discrepancy,۲) Actual–Digital Discrepancy,Actual Digital Discrepancy
high-latin,i18n/theori.fa.json,grounded,grounded,grounded
high-latin,i18n/theori.fa.json,3) Perceptual Recalibration,۳) Perceptual Recalibration,Perceptual Recalibration
high-latin,i18n/theori.fa.json,hypothesis,hypothesis,hypothesis
high-latin,i18n/theori.fa.json,4) Self‑Objectification,۴) Self‑Objectification,Self Objectification
high-latin,i18n/theori.fa.json,supported,supported,supported
high-latin,i18n/theori.fa.json,6) Downstream Outcomes,۶) Downstream Outcomes,Downstream Outcomes
high-latin,i18n/theori.fa.json,mixed,mixed,mixed
high-latin,i18n/theori.fa.json,Evidence & testability,Evidence و testability,Evidence testability
high-latin,i18n/theori.fa.json,Evidence Snapshot,Evidence Snapshot,Evidence Snapshot
high-latin,i18n/theori.fa.json,status,status,status
high-latin,i18n/theori.fa.json,Observable / documented,Observable / documented,Observable documented
high-latin,i18n/theori.fa.json,Hypothesized (needs testing),Hypothesized (needs testing),Hypothesized needs testing
high-latin,i18n/theori.fa.json,EMA / Daily Diary,EMA / Daily Diary,EMA Daily Diary
high-latin,i18n/theori.fa.json,"EEG (LPP, FAA)","EEG (LPP, FAA)",LPP FAA
high-latin,i18n/theori.fa.json,fMRI (Striatum),fMRI (Striatum),Striatum
high-latin,i18n/theori.fa.json,Longitudinal SEM,Longitudinal SEM,Longitudinal SEM
high-latin,i18n/theori.fa.json,Recent Activity,Recent Activity,Recent Activity
high-latin,i18n/theori.fa.json,17 hypotheses,۱۷ hypotheses,hypotheses
high-latin,i18n/theori.fa.json,Sort: ID,Sort: ID,Sort ID
high-latin,i18n/theori.fa.json,Sort: Domain,Sort: Domain,Sort Domain
high-latin,i18n/theori.fa.json,Title,Title,Title
high-latin,i18n/theori.fa.json,Domain,Domain,Domain
high-latin,i18n/theori.fa.json,Measurable outcome,Measurable outcome,Measurable outcome
high-latin,i18n/theori.fa.json,Fast execution roadmap,Fast execution roadmap,Fast execution roadmap
high-latin,i18n/theori.fa.json,Study 1: EMA + Model Fit,Study ۱: EMA + Model Fit,Study EMA Model Fit
high-latin,i18n/theori.fa.json,8–12 weeks,۸–۱۲ weeks,weeks
high-latin,i18n/theori.fa.json,Study 2: EEG (LPP / FAA),Study ۲: EEG (LPP / FAA),Study LPP FAA
high-latin,i18n/theori.fa.json,Study 3: fMRI Reward,Study ۳: fMRI Reward,Study Reward
high-latin,i18n/theori.fa.json,ROI,ROI,ROI
high-latin,i18n/theori.fa.json,Intervention: Filter Abstinence,Intervention: Filter Abstinence,Intervention Filter Abstinence
high-latin,i18n/theori.fa.json,EN,EN,EN
high-latin,i18n/theori.fa.json,IT,IT,IT
high-latin,i18n/theori.fa.json,Hypotheses table,Hypotheses table,Hypotheses table
high-latin,i18n/theori.fa.json,KPIs,KPIs,KPIs
high-latin,i18n/theori.fa.json,Menu,Menu,Menu
high-latin,i18n/theori.fa.json,Search hypotheses...,Search hypotheses...,Search hypotheses
high-latin,i18n/theori.fa.json,Sidebar,Sidebar,Sidebar
high-latin,i18n/theori.fa.json,Theme,Theme,Theme
high-latin,i18n/theori.fa.json,Toggle sidebar,Toggle sidebar,Toggle sidebar
high-latin,i18n/theori.fa.json,Toggle theme,Toggle theme,Toggle theme
high-latin,i18n/theori.fa.json,Trend chart,Trend chart,Trend chart
high-latin,i18n/theori.fa.json,Light theme enabled,Light theme enabled,Light theme enabled
high-latin,i18n/theori.fa.json,Testable hypotheses (behavior/EEG/fMRI),Testable hypotheses (behavior/EEG/fMRI),Testable hypotheses behavior
high-latin,i18n/theori.fa.json,Stages,Stages,Stages
high-latin,i18n/theori.fa.json,Four-stage temporal framing,Four-stage temporal framing,Four-stage temporal framing
high-latin,i18n/theori.fa.json,Predicted Effect,Predicted Effect,Predicted Effect
high-latin,i18n/theori.fa.json,Model equation formalized,Model equation formalized,Model equation formalized
high-latin,i18n/theori.fa.json,Equation D(t)=δ₀+β₁F(t)+β₂S(t)+β₃F×S prepared for longitudinal analysis.,Equation D(t)=δ₀+β₁F(t)+β₂S(t)+β₃F×S prepared برای longitudinal تحلیل.,Equation D t t t S prepared longitudinal
high-latin,i18n/theori.fa.json,EEG predictions drafted,EEG predictions drafted,predictions drafted
high-latin,i18n/theori.fa.json,Intervention route planned,Intervention route planned,Intervention route planned
high-latin,i18n/theori.fa.json,"ADSDS score, D(t)","ADSDS score, D(t)",ADSDS score D t
high-latin,i18n/theori.fa.json,Attractiveness ratings (pre/post),Attractiveness ratings (pre/post),Attractiveness ratings pre post
high-latin,i18n/theori.fa.json,Filter dependence grows longitudinally,Filter dependence grows longitudinally,Filter dependence grows longitudinally
high-latin,i18n/theori.fa.json,"Avoidance, pre-posting anxiety","Avoidance, pre-posting anxiety",Avoidance pre-posting anxiety
high-latin,i18n/theori.fa.json,State body satisfaction (d),State body satisfaction (d),State body satisfaction d
high-latin,i18n/theori.fa.json,Mixed-effects β estimates,Mixed-effects β estimates,Mixed-effects estimates
high-latin,i18n/theori.fa.json,LPP larger for filtered self-images,LPP larger برای filtered self-images,LPP larger filtered self-images
high-latin,i18n/theori.fa.json,ERP LPP amplitude,ERP LPP amplitude,ERP LPP amplitude
high-latin,i18n/theori.fa.json,FAA shifts rightward during unfiltered self-viewing,FAA shifts rightward during unfiltered self-viewing,FAA shifts rightward during unfiltered self-viewing
high-latin,i18n/theori.fa.json,Frontal alpha asymmetry,Frontal alpha asymmetry,Frontal alpha asymmetry
high-latin,i18n/theori.fa.json,N170 amplitude/latency,N۱۷۰ amplitude/latency,amplitude latency
high-latin,i18n/theori.fa.json,Self-network activation,Self-network activation,Self-network activation
high-latin,i18n/theori.fa.json,ROI NAcc signal,ROI NAcc signal,ROI NAcc signal
high-latin,i18n/theori.fa.json,Pre/post striatum response,Pre/post striatum response,Pre post striatum response
high-latin,i18n/theori.fa.json,dACC engages during discrepancy conflict,dACC engages during discrepancy conflict,dACC engages during discrepancy conflict
high-latin,i18n/theori.fa.json,Conflict network activation,Conflict network activation,Conflict network activation
high-latin,i18n/theori.fa.json,Amygdala reactivity higher in high dissatisfaction group,Amygdala reactivity بالاتر در high dissatisfaction گروه,Amygdala reactivity high dissatisfaction
high-latin,i18n/theori.fa.json,"Amygdala ROI, PPI","Amygdala ROI, PPI",Amygdala ROI PPI
high-latin,i18n/theori.fa.json,Moderators,Moderators,Moderators
high-latin,i18n/theori.fa.json,Age × exposure interaction,Age × exposure interaction,Age exposure interaction
high-latin,i18n/theori.fa.json,Self-compassion buffers negative outcomes,Self-compassion buffers negative outcomes,Self-compassion buffers negative outcomes
high-latin,i18n/theori.fa.json,Moderation β,Moderation β,Moderation
high-latin,i18n/theori.fa.json,Pre/post ΔD(t),Pre/post ΔD(t),Pre post t
high-latin,i18n/theori.fa.json,"Avoidance score, anxiety","Avoidance score, anxiety",Avoidance score anxiety
high-latin,i18n/theori.fa.json,Observable,Observable,Observable
high-latin,i18n/theori.fa.json,Sorting applied,Sorting applied,Sorting applied
high-latin,i18n/theori.fa.json,Theori: Digital Mirror Exposure Dashboard,Theori: Digital Mirror Exposure داشبورد,Theori Digital Mirror Exposure
high-latin,i18n/think360.fa.json,💻 PWA Companion,💻 PWA Companion,Companion
high-latin,i18n/think360.fa.json,Thinking styles,Thinking styles,Thinking styles
high-latin,i18n/think360.fa.json,🎯 Analytical Thinking,🎯 Analytical Thinking,Analytical Thinking
high-latin,i18n/think360.fa.json,🌊 Holistic Thinking,🌊 Holistic Thinking,Holistic Thinking
high-latin,i18n/think360.fa.json,💡 Creative Thinking,💡 Creative Thinking,Creative Thinking
high-latin,i18n/think360.fa.json,🔄 Flexible Thinking,🔄 Flexible Thinking,Flexible Thinking
high-latin,i18n/think360.fa.json,🤝 Social Thinking,🤝 Social Thinking,Social Thinking
high-latin,i18n/think360.fa.json,🧘 Reflective Thinking,🧘 Reflective Thinking,Reflective Thinking
high-latin,i18n/think360.fa.json,⚡ Action Thinking,⚡ Action Thinking,Action Thinking
high-latin,i18n/think360.fa.json,🧭 Ethical Thinking,🧭 Ethical Thinking,Ethical Thinking
high-latin,i18n/think360.fa.json,🔍 Critical Thinking,🔍 Critical Thinking,Critical Thinking
high-latin,i18n/think360.fa.json,Tech stack,Tech stack,Tech stack
high-latin,i18n/think360.fa.json,Service Workers,Service Workers,Workers
high-latin,i18n/think360.fa.json,What this enables,What this enables,What this enables
high-latin,i18n/think360.fa.json,EN,EN,EN
high-latin,i18n/think360.fa.json,IT,IT,IT
high-latin,i18n/think360.fa.json,Toggle theme,Toggle theme,Toggle theme
