source_file,english_like_text_not_matched_by_fa_i18n
index.html,Amirmohammad Lotfifar - Cognitive Neuroscience Researcher
index.html,Emotion · Decision-Making · Computational Modeling · EEG
index.html,Islamic Azad University
index.html,"Tehran, Iran"
index.html,a.lotfifar@iau.ir
index.html,Professional
index.html,"Islamic Azad University, Science and Research Branch • Tehran, Iran • Sep 2019 - Jun 2024"
index.html,OSF / Project Page
index.html,Payroll
index.html,Attendance
index.html,"Islamic Azad University, Science and Research Branch • Sep 2019 - Jun 2024"
index.html,143 units
index.html,"August 17, 2024"
index.html,70 completed
index.html,"~2,056 hours"
index.html,~456 hours
index.html,"~2,512 contact hours"
index.html,Transcript snapshot
index.html,"Quick view of course categories, credits, and grades"
index.html,Nerves & Glands Physiology
index.html,Physiologic Psychology
index.html,Sensation & Perception
index.html,History & Schools of Psychology & its Criticism
index.html,Learning Psychology
index.html,Motivation & Emotion
index.html,Cognitive Psychology
index.html,Experimental Psychology
index.html,Learning Disorders
index.html,‍Clinical & Applied Psychology
index.html,Fundamentals of Guidance & Counselling
index.html,Essential Topics in Psychology 1
index.html,Essential Topics in Psychology 2
index.html,Psychology from Point of View of Muslim Thinkers
index.html,Philosophy of Psychology
index.html,Educational Psychology
index.html,Psychopathology 1
index.html,Child & Adolescent Psychopathology
index.html,An Introduction to Islamic Philosophy
index.html,Psychological Instructions in the Glorious Quran & Hadith 1
index.html,Psychopathology 2
index.html,Theories of Consultation & Psychotherapy
index.html,Educational / Vocational Guidance & Counselling
index.html,Psychological Instructions in the Glorious Quran & Hadith 2
index.html,Mental Health
index.html,Generalities of Psychiatry
index.html,Health Psychology
index.html,Principles of Clinical Psychology
index.html,Behavioral Modification Methods
index.html,Counseling & Psychotherapy Techniques
index.html,Fundamentals of Sociology
index.html,Sociology Psychology
index.html,Developmental Psychology 1
index.html,Developmental Psychology 2
index.html,Applied Social Psychology
index.html,Personality Psychology
index.html,Religion Psychology
index.html,Social Pathology
index.html,Family Psychology & Guidance
index.html,Knowledge of Family & Population
index.html,Industrial & Organizational Psychology
index.html,Psychology of Children With Special Needs 1
index.html,Psychology of Children With Special Needs 2
index.html,Addiction Psychology
index.html,Sports 1
index.html,Rehabilitation of Children with Special Needs
index.html,Physical Education
index.html,Epistemology
index.html,General Persian Language
index.html,Islamic Ethics (Fundamentals & Concepts)
index.html,Islamic Revolution of Iran
index.html,General English Language
index.html,Analytical History of the Early Islam
index.html,Psychology Texts in English Language 1
index.html,Psychology Texts in English Language 2
index.html,Thematic Interpretation of the Glorious Quran
index.html,Islamic Thought 1 (Origin & Resurrection)
index.html,An Introduction to Holy Defense
index.html,Islamic Revolution Imams Testaments & Imam Khomeini's Testaments
index.html,Islamic Thought 2 (Prophecy & Imamate)
index.html,Familiarity with Glorious Quran
index.html,History of Culture & Civilization of Islam & Iran
index.html,21 Credits
index.html,~352 Hours
index.html,19 Credits
index.html,~432 Hours
index.html,40 Credits
index.html,~672 Hours
index.html,20 Credits
index.html,~320 Hours
index.html,"Special needs, addiction, rehabilitation, and applied performance/physical activity electives"
index.html,7 Courses
index.html,12 Credits
index.html,~240 Hours
index.html,15 Courses
index.html,31 Credits
index.html,~496 Hours
index.html,19/20 (Excellent)
index.html,Comprehensive literature review
index.html,"Examined the psychological impacts of online social interactions on adolescent development, mental health outcomes, and identity formation in the digital age."
index.html,University of Tehran • B.Sc. in Statistics • 2016 - 2019
index.html,Statistics and Applications (Amar va Karbordha)
index.html,Credits Completed:
index.html,~70 units over 3 years
index.html,Withdrew to pursue Psychology with intent to integrate quantitative methods with behavioral science
index.html,Calculus I
index.html,"- Limits, derivatives, integrals, sequences and series"
index.html,Calculus II
index.html,"- Multivariable calculus, partial derivatives, multiple integrals"
index.html,Mathematical Foundations
index.html,"- Logic, set theory, proof techniques"
index.html,Probability & Statistics I
index.html,"- Probability theory, distributions, random variables"
index.html,Probability & Statistics II
index.html,"- Multivariate distributions, sampling theory, limit theorems"
index.html,"- Data summarization, visualization, exploratory analysis"
index.html,"- Hypothesis testing, confidence intervals, estimation theory"
index.html,Computer Science Fundamentals
index.html,"- Algorithms, data structures, computational thinking"
index.html,Statistical Methods
index.html,"- Regression, ANOVA, experimental design"
index.html,"During my time at University of Tehran, I developed a strong interest in languages and completed 12 credits (3 courses) in Korean language at the Faculty of World Studies:"
index.html,Korean Language I
index.html,- Grade: 20/20
index.html,Korean Language II
index.html,Korean Language III
index.html,- Grade: 19.5/20
index.html,This demonstrates my strong aptitude for language acquisition and cross-cultural engagement.
index.html,C++ Programming
index.html,R (Statistical Computing)
index.html,Mathematical Modeling
index.html,Probability Theory
index.html,Statistical Inference
index.html,"Given Iran's educational and military service regulations, I made the deliberate decision to withdraw and pursue a B.Sc. in Psychology. This path allowed me to:"
index.html,Align my education with my research interests
index.html,in cognitive neuroscience and computational approaches to understanding behavior
index.html,Leverage my quantitative foundation
index.html,"as a distinctive advantage in psychological research, where strong mathematical skills are increasingly valued"
index.html,Maintain uninterrupted academic progression
index.html,toward graduate studies in cognitive neuroscience
index.html,Build a unique interdisciplinary profile
index.html,combining formal training in both mathematical sciences and psychology
index.html,This quantitative foundation supports my work in computational neuroscience and cognitive science research:
index.html,Strong mathematical background
index.html,for understanding neural models and statistical frameworks
index.html,Programming proficiency
index.html,enabling implementation of computational models and data analysis pipelines
index.html,Statistical rigor
index.html,for designing and analyzing complex behavioral and neural experiments
index.html,Bridge between disciplines
index.html,- rare combination of formal statistical training and psychological science
index.html,Reanalyzed frontal EEG asymmetry in the publicly available DEAP dataset examining the relationship between neural activity and emotional valence during music video viewing.
index.html,Dataset:
index.html,"DEAP dataset with 32 participants, 40 music video trials per participant"
index.html,Frontal alpha asymmetry using differential entropy
index.html,Within-between variance decomposition to account for individual differences
index.html,Implemented artifact detection calibration for improved signal quality
index.html,"Novel insights into the relationship between frontal EEG asymmetry and subjective emotional valence, with improved methodological controls for artifact contamination."
index.html,HRV Biofeedback RCT
index.html,Pre-registered randomized controlled trial examining the effects of heart rate variability (HRV) biofeedback training on adaptive decision-making under uncertainty.
index.html,"Polar H10 (1000 Hz, ICC > 0.99 vs. clinical Holter)"
index.html,Respiration:
index.html,Vernier Go Direct Belt (50 Hz piezoelectric)
index.html,Synchronization:
index.html,Lab Streaming Layer (LSL) for trial-level integration
index.html,Probabilistic Reversal Learning:
index.html,"360 trials, 6 blocks (3 stable + 3 reversal)"
index.html,"Participants learn which stimulus yields more rewards (80/20 or 65/35), then adapt when contingencies unexpectedly reverse"
index.html,Software:
index.html,"R 4.3.1 (lme4, brms, Stan, mediation, BayesFactor, ggplot2)"
index.html,0.80 for d=0.50 at α=0.05 → N=128 required (160 enrolled for 20% attrition)
index.html,Primary Model:
index.html,Hierarchical Bayesian dual-alpha Q-learning with perseveration
index.html,Separate learning rates for wins (α⁺) vs. losses (α⁻)
index.html,Inverse temperature (β) for exploitation/exploration
index.html,Perseveration parameter (κ) for habitual repetition
index.html,Group-specific hyperparameters estimated via Stan MCMC
index.html,"Real-time monitoring, <5% artifact threshold, weekly PI audits"
index.html,"Standardized AE logging, stopping rules, interim review at N=40"
index.html,"OSF pre-registration, de-identified data/code sharing, clinical trial registry"
index.html,Complete protocol (67 pages) uploaded to OSF with time-stamped lock
index.html,Finalize location upon MSc/PhD acceptance in Italy • Ethics Committee approval
index.html,Recruit and test N=160 participants • Hierarchical Bayesian modeling • Manuscript preparation
index.html,Analysis plan registered before data collection
index.html,Accounts for individual differences and uncertainty
index.html,Reinforcement learning models to understand decision processes
index.html,All materials will be publicly available
index.html,"Bayesian hierarchical models using Stan/brms with model comparison via LOO-CV. Computational RL models (Q-learning, actor-critic) fit to behavioral data."
index.html,OSF Registration
index.html,Progressive Web Application • 2024-2025
index.html,Built from:
index.html,the dataset and content model of
index.html,Islands of Your Mind
index.html,Book details
index.html,See the Mind Islands variant
index.html,THINK-360+ is a comprehensive Progressive Web Application (PWA) developed as an interactive companion tool for the book
index.html,"""Islands of Your Mind: 9 Thinking Styles for Everyday Life"""
index.html,". This platform transforms theoretical cognitive science concepts from the book into practical, interactive exercises that readers can use to develop and practice different thinking styles in their daily lives."
index.html,"Bridge the gap between cognitive psychology theory and practical application by providing an engaging, accessible digital tool that helps users understand and apply nine distinct thinking styles."
index.html,"The platform is built around nine evidence-based thinking styles, each representing a different cognitive approach to problem-solving and decision-making:"
index.html,"Systematic breakdown of complex problems into manageable components, logical reasoning, and data-driven decision making."
index.html,"Seeing the bigger picture, understanding interconnections, and considering systems as integrated wholes rather than isolated parts."
index.html,"Generating novel ideas, thinking outside conventional boundaries, and making unexpected connections between concepts."
index.html,"Adapting to changing circumstances, considering multiple perspectives, and switching between different approaches when needed."
index.html,"Evaluating information objectively, questioning assumptions, identifying biases, and making reasoned judgments."
index.html,6. Divergent Thinking
index.html,"Exploring multiple possible solutions, brainstorming diverse ideas, and embracing variety in thought processes."
index.html,7. Convergent Thinking
index.html,"Narrowing down options to find the single best solution, focusing on efficiency and optimization."
index.html,"Long-term planning, anticipating future scenarios, and aligning actions with overarching goals."
index.html,9. Empathetic Thinking
index.html,"Understanding others' perspectives, emotional intelligence, and considering human factors in decision-making."
index.html,Core Features & Functionality
index.html,Interactive Exercises & Activities
index.html,Guided Exercises:
index.html,Step-by-step activities for each thinking style with real-world scenarios
index.html,Questionnaires to help users identify their dominant thinking patterns
index.html,Practical Scenarios:
index.html,Situational exercises where users apply different thinking styles to solve problems
index.html,Reflection Prompts:
index.html,Questions that encourage metacognitive awareness and deeper understanding
index.html,Progress Tracking:
index.html,Visual indicators showing which exercises have been completed
index.html,Content Organization System
index.html,Hierarchical Navigation:
index.html,Multi-level menu system allowing easy access to any section
index.html,Chapter Integration:
index.html,Direct correlation between app sections and book chapters
index.html,Quick Access Menu:
index.html,Jump directly to any thinking style or exercise
index.html,Search Functionality:
index.html,Find specific content across all sections
index.html,Share specific pages or exercises via direct URLs
index.html,Personalization Features
index.html,Bookmark System:
index.html,"Save favorite exercises, concepts, or pages for quick reference"
index.html,Add personal notes to any section (stored locally)
index.html,Custom Learning Paths:
index.html,Create personalized sequences of exercises
index.html,Progress Dashboard:
index.html,Visual overview of completed activities and learning journey
index.html,Personal Statistics:
index.html,Track which thinking styles you engage with most
index.html,Bilingual Support & Accessibility
index.html,Complete English/Persian Interface:
index.html,Seamless language switching without page reload
index.html,RTL (Right-to-Left) Support:
index.html,Proper text direction and layout for Persian language
index.html,Culturally Adapted Content:
index.html,Examples and scenarios relevant to both Western and Iranian contexts
index.html,Responsive Typography:
index.html,Optimized fonts for both Latin and Persian scripts
index.html,Language Persistence:
index.html,Remembers user's language preference across sessions
index.html,Technical Architecture
index.html,Progressive Web Application (PWA)
index.html,What is a PWA?
index.html,"A Progressive Web Application combines the best features of websites and native mobile apps. Users can access THINK-360+ through any web browser, install it on their device like a native app, and use it seamlessly across devices."
index.html,Installability:
index.html,"Add to home screen on iOS, Android, Windows, macOS - works like a native app"
index.html,Core assets are cached for faster repeat access
index.html,Background Sync:
index.html,Updates content when connection is restored
index.html,Push Notifications:
index.html,Infrastructure ready for future engagement features
index.html,Fast Loading:
index.html,Caching strategies ensure instant page loads
index.html,Service Worker minimizes data transfer
index.html,Modular JavaScript:
index.html,"ES6+ modules for maintainable, organized code structure"
index.html,Reusable UI components reduce code duplication
index.html,State Management:
index.html,Centralized application state for consistent user experience
index.html,Router System:
index.html,Custom routing for multi-page navigation without page reloads
index.html,Event-Driven Architecture:
index.html,Loose coupling between components via event system
index.html,"Lazy loading, code splitting, and efficient rendering"
index.html,Local Storage:
index.html,"User preferences, bookmarks, and progress saved locally on device"
index.html,IndexedDB Ready:
index.html,Infrastructure for storing larger datasets if needed
index.html,Export/import functionality for backing up user data
index.html,Privacy-First:
index.html,All data stored locally - no external servers or tracking
index.html,Cache Management:
index.html,Intelligent caching of assets and content
index.html,User Interface & Experience
index.html,Fluid layouts adapting from mobile (320px) to large desktop displays
index.html,Touch-Optimized:
index.html,Gesture support and touch-friendly interface elements
index.html,Accessibility:
index.html,"Semantic HTML, ARIA labels, keyboard navigation support"
index.html,Dark/Light Themes:
index.html,Automatic theme switching based on system preferences
index.html,Smooth Animations:
index.html,CSS transitions and JavaScript animations for polished UX
index.html,Loading States:
index.html,Visual feedback during data fetching and processing
index.html,Technical Specifications
index.html,Codebase Statistics
index.html,Total Lines:
index.html,"6,000+ production code"
index.html,JavaScript:
index.html,"~3,500 lines"
index.html,"~1,500 lines"
index.html,"~1,000 lines"
index.html,Files:
index.html,50+ organized files
index.html,Technologies Used
index.html,Core:
index.html,"HTML5, CSS3, Vanilla JavaScript ES6+"
index.html,"Service Workers, Web App Manifest"
index.html,Storage:
index.html,"Local Storage API, Cache API"
index.html,"Flexbox, CSS Grid, CSS Variables"
index.html,Platform Support
index.html,Mobile:
index.html,"iOS Safari, Android Chrome"
index.html,Desktop:
index.html,"Chrome, Firefox, Safari, Edge"
index.html,Fast repeat loads via caching
index.html,Install:
index.html,All major platforms
index.html,Development Challenges & Solutions
index.html,Technical Challenges Solved
index.html,Challenge 1: Bilingual Content Management
index.html,Managing duplicate content in two languages while maintaining synchronization
index.html,"Implemented a translation system with JSON-based language files, allowing instant language switching without code duplication. Built custom RTL/LTR layout engine that automatically adjusts UI direction based on language."
index.html,Challenge 2: Caching & Reliability
index.html,Keeping the experience fast and resilient across variable connectivity
index.html,Implemented sophisticated Service Worker with cache-first strategy for static assets and network-first with cache fallback for dynamic content. Added graceful handling for connectivity changes and cache fallbacks.
index.html,Challenge 3: Performance on Low-End Devices
index.html,Maintaining smooth performance on older smartphones
index.html,"Implemented lazy loading for images and content sections, optimized JavaScript execution with debouncing/throttling, used CSS animations instead of JavaScript where possible, and minimized DOM manipulations through efficient rendering strategies."
index.html,Reliably storing user progress and preferences
index.html,"Built robust Local Storage wrapper with error handling, data validation, and automatic migration system. Implemented export/import functionality allowing users to backup and restore their data."
index.html,User Experience Design
index.html,Design Philosophy
index.html,The interface design follows principles of cognitive psychology to minimize cognitive load and maximize learning effectiveness:
index.html,Progressive Disclosure:
index.html,Information revealed gradually to avoid overwhelming users
index.html,Consistent Patterns:
index.html,Familiar UI patterns reduce learning curve
index.html,Visual Hierarchy:
index.html,Clear information architecture guides user attention
index.html,Feedback Loops:
index.html,Immediate visual feedback for all user actions
index.html,Cognitive Mapping:
index.html,Navigation structure matches mental models of learning
index.html,Impact & Usage
index.html,Educational Value
index.html,"Transforms abstract cognitive psychology concepts into concrete, actionable exercises that users can practice in daily life"
index.html,Accessibility
index.html,"Free, open-source platform accessible to anyone with a web browser, removing barriers to cognitive skill development"
index.html,Practical Application
index.html,Bridges theory-practice gap by providing tools readers can immediately use to apply book concepts
index.html,Skills Demonstrated
index.html,Full-Stack Web Development
index.html,Progressive Web Apps
index.html,Bilingual Development
index.html,UX/UI Design
index.html,JavaScript ES6+
index.html,Caching & Reliability
index.html,Cross-Platform Development
index.html,User-Centered Design
index.html,Science Communication
index.html,Future Development Plans
index.html,Planned Enhancements
index.html,Spaced Repetition System:
index.html,Implement evidence-based review scheduling for exercises
index.html,Progress Analytics:
index.html,Detailed insights into thinking style development over time
index.html,Community Features:
index.html,Optional sharing of insights and exercise results
index.html,Audio Content:
index.html,Guided meditations and audio exercises for each thinking style
index.html,Gamification:
index.html,Achievement system to encourage regular practice
index.html,API Integration:
index.html,Connect with journal apps and productivity tools
index.html,Open Source Contribution
index.html,"THINK-360+ is open source, allowing developers to learn from the codebase and contribute improvements. The repository includes:"
index.html,Comprehensive documentation of architecture and design decisions
index.html,Code comments explaining complex implementations
index.html,Contributing guidelines for potential collaborators
index.html,MIT License allowing free use and modification
index.html,Launch Live Application
index.html,Project Significance
index.html,Offline-first Progressive Web Application (PWA) • THINK-360-derived build
index.html,Derived from:
index.html,and the THINK-360+ content framework.
index.html,THINK-360+ platform
index.html,Mind Islands
index.html,is an alternative implementation of
index.html,", built from the content model and dataset of the book"
index.html,“Islands of Your Mind: Thinking Styles for Everyday Life”
index.html,"). It packages the 9 thinking styles as “islands”, pairs them with a cognitive traps library, and adds combined-model workflows (dual/triple/quad/full) for structured decision-making and reflection."
index.html,Goal:
index.html,"make the book’s concepts usable in daily life through an installable, offline-first tool with fast navigation and deep subpages."
index.html,Relationship to THINK-360+
index.html,Same theoretical backbone:
index.html,9 thinking styles + trap taxonomy derived from the book dataset.
index.html,Different UX packaging:
index.html,optimized hubs (Islands / Traps / Combiners) + dedicated subpages for faster exploration.
index.html,Offline distribution:
index.html,multi-file PWA + optional single-file offline build for zero-install sharing.
index.html,Content-first i18n:
index.html,"bilingual (FA/EN) across pages, designed to scale to more locales."
index.html,What’s inside
index.html,Thinking Islands:
index.html,"9 thinking styles, each with dedicated pages, examples, and practice prompts."
index.html,Cognitive Traps Library:
index.html,"a browsable & searchable set of cognitive traps with micro-lessons, symptoms, real-life examples, and step-by-step counter-strategy practice (drills, prompts, and reframing guides)."
index.html,Combined Models (Combiners):
index.html,"dual/triple/quad/full workflows with templates, scenarios, FAQs, and “related” links."
index.html,Personalization:
index.html,saved theme & language preferences; optional local progress tracking where applicable.
index.html,Offline-first PWA:
index.html,"Service Worker caching, installable manifest, and offline fallbacks."
index.html,Tech Notes
index.html,Frontend:
index.html,HTML/CSS/JavaScript (no backend required)
index.html,Service Worker + Web App Manifest + standalone install support
index.html,Deployment:
index.html,GitHub Pages friendly; local server recommended for PWA testing
index.html,Lineage:
index.html,Mind Islands is a sibling build in the
index.html,"line, optimized for bite-sized learning, practice, and offline use."
index.html,Open the Book (Publications)
index.html,Open THINK-360+ Platform
index.html,Why it matters
index.html,"This project functions as a compact, user-facing layer for psychoeducation and intervention prototyping. It turns a conceptual framework into repeatable, structured practice, while staying lightweight enough to run fully offline."
index.html,Frontal EEG Differential Entropy and Subjective Valence in the DEAP Dataset
index.html,Full Citation
index.html,"Lotfifar, A. M., & Mohammadi, M. D. (2025)."
index.html,Frontal EEG Differential Entropy and Subjective Valence in the DEAP Dataset: Artifact-Calibrated Analysis with Within–Between Decomposition.
index.html,Preprint.
index.html,Amirmohammad Lotfifar & Melika Dabbagh Mohammadi
index.html,Affiliation:
index.html,"Independent Researchers in Cognitive Psychology and Neuroscience, Tehran, Iran"
index.html,Abstract
index.html,Objective:
index.html,"Differential entropy (Hₑ) is widely used as an EEG feature in affective computing, but evidence for Hₑ as a stand-alone correlate of continuous subjective valence remains mixed. Here we quantify the association between frontal Hₑ and self-reported valence using an artifact-calibrated pipeline."
index.html,"Using the DEAP dataset (32 participants, 40 trials each), we derived frontal EEG differential entropy from Fp1/Fp2 after baseline correction. Hₑ was computed on 4-s windows with 50% overlap (29 windows per 60-s trial) and aggregated to trial-level means. Artifact windows were flagged using a calibrated percentile-based threshold (p99.5). We report (i) naive trial-level correlations, (ii) OLS with participant-clustered robust standard errors, (iii) random-intercept mixed models, and (iv) within–between decomposition to separate within-participant from between-participant associations."
index.html,Results:
index.html,"In the primary analysis (N=1,148 trials), naive trial-level association between Hₑ and valence was small but statistically detectable (r=−0.086, p=0.004; R²=0.007), while Hₑ showed no association with arousal (r=0.005, p=0.87). However, when accounting for repeated measures, evidence weakened substantially: cluster-robust OLS yielded p=0.125, and random-intercept models produced β=0.0055, p=0.068. Within–between decomposition revealed the negative association was primarily between participants (r=−0.285, p=0.114) with negligible within-participant effects (β≈0.006, p=0.186). Hₑ showed excellent split-half reliability (ICC=0.990, 95% CI [0.988, 0.991])."
index.html,Conclusion:
index.html,"Frontal differential entropy exhibits high measurement reliability but only a very small trial-level association with subjective valence in DEAP. This association is not robust to models emphasizing within-participant variation, motivating cautious interpretation of single-feature Hₑ–valence links and multifeature approaches for practical emotion prediction."
index.html,Key Contributions
index.html,Artifact-Calibrated Pipeline:
index.html,Implemented empirically-calibrated artifact detection using p99.5 percentile threshold rather than arbitrary cutoffs
index.html,Within-Between Decomposition:
index.html,Distinguished within-participant (trial-to-trial) effects from between-participant (individual differences) associations
index.html,Multiple Statistical Approaches:
index.html,"Reported complementary analyses including naive correlations, cluster-robust standard errors, mixed-effects models, and variance decomposition"
index.html,Comprehensive Reliability Assessment:
index.html,Evaluated both split-half reliability (ICC=0.990) and temporal stability (ICC=0.965)
index.html,Three Artifact-Handling Variants:
index.html,"PRIMARY (all windows), WIN_REMOVED (flagged windows removed), EXCLUDED (trials with any flagged window removed)"
index.html,Small Effect Size:
index.html,"Naive trial-level correlation r=−0.086 (p=0.004), explaining only 0.7% variance"
index.html,Between-Participant Effect:
index.html,"Association primarily driven by stable individual differences (r=−0.285, p=0.114) rather than within-person variation"
index.html,Excellent Reliability:
index.html,Differential entropy showed very high measurement consistency across window splits and time periods
index.html,No Arousal Association:
index.html,"Hₑ showed no meaningful relationship with arousal ratings (r=0.005, p=0.87)"
index.html,Robust Across Variants:
index.html,Results consistent across all three artifact-handling approaches
index.html,DEAP Dataset
index.html,Participants:
index.html,32 healthy adults
index.html,Trials:
index.html,40 music videos per participant
index.html,60 seconds per trial
index.html,Ratings:
index.html,Valence & arousal (1-9 scale)
index.html,EEG Analysis
index.html,Channels:
index.html,"Fp1, Fp2 (frontal)"
index.html,Windows:
index.html,4s with 50% overlap (29 per trial)
index.html,Feature:
index.html,Differential entropy (Gaussian)
index.html,Sample:
index.html,"1,148 trials (PRIMARY)"
index.html,Naive:
index.html,Pearson correlation
index.html,Robust:
index.html,Cluster-corrected SE
index.html,Mixed:
index.html,Random-intercept models
index.html,Decomposition:
index.html,Within-between effects
index.html,Technical Skills Demonstrated
index.html,EEG Signal Processing
index.html,"Python (MNE, NumPy, pandas)"
index.html,Mixed-Effects Modeling
index.html,Within-Between Decomposition
index.html,Artifact Detection
index.html,Reliability Analysis (ICC)
index.html,Implications for Research
index.html,For Affective Computing:
index.html,Cautions against relying on differential entropy alone as a valence marker
index.html,Emphasizes need for multifeature approaches in emotion recognition systems
index.html,Highlights importance of cross-validated predictive performance over univariate correlations
index.html,Demonstrates importance of distinguishing within-person from between-person effects
index.html,Provides replicable artifact-calibration approach for EEG preprocessing
index.html,Shows how naive correlations can be misleading without repeated-measures corrections
index.html,Open Science Practices
index.html,Analysis based entirely on openly available DEAP dataset
index.html,"All preprocessing, analysis, and visualization scripts provided"
index.html,Reproducible Pipeline:
index.html,Complete documentation enabling exact replication of results
index.html,Transparent Reporting:
index.html,Multiple statistical approaches reported to avoid selective reporting
index.html,Results made immediately available to research community
index.html,Differential Entropy
index.html,Arousal
index.html,Affective Computing
index.html,Mixed Effects
index.html,Read Preprint (OSF)
index.html,View Code (GitHub)
index.html,HRV Biofeedback and Adaptive Decision-Making
index.html,Causal Effect of Heart Rate Variability Biofeedback Training on Adaptive Decision-Making: A Randomized Controlled Trial with Hierarchical Bayesian Modeling
index.html,Principal Investigator:
index.html,Co-Principal Investigator:
index.html,Melika Dabbagh Mohammadi (Independent Researcher)
index.html,Disclosure: The PI and Co-PI are married and conducting separate independent trials. This relationship has been fully disclosed to the Ethics Committee.
index.html,"Parallel-group, randomized (1:1), analyst-blinded, active-controlled clinical trial"
index.html,Sample Size:
index.html,"N = 160 healthy adults (80 per arm), powered for Cohen's d = 0.50, accounting for ≤20% attrition"
index.html,Intervention:
index.html,Single-session (20 minutes) HRV biofeedback at resonance frequency vs. active control (paced breathing at non-resonant 15 breaths/min)
index.html,Primary Outcome:
index.html,Performance on probabilistic reversal learning task (Relative Expected Value)
index.html,Planned Location:
index.html,University laboratory in Italy (to be finalized upon acceptance into Master's/PhD program in 2026)
index.html,Pre-registered protocol; data collection planned 2026-2027
index.html,Theoretical Framework: Neurovisceral Integration Model
index.html,This investigation is grounded in the
index.html,Neurovisceral Integration (NVI) Model
index.html,"(Thayer & Lane, 2000), which proposes that heart rate variability serves as a quantifiable index of the functional integrity of the Central Autonomic Network (CAN)—a distributed neural network involving prefrontal cortex, anterior cingulate, insula, amygdala, and brainstem nuclei."
index.html,Core Hypothesis:
index.html,"Higher resting vagal tone (indexed by HRV metrics like RMSSD) reflects robust prefrontal inhibitory control over subcortical circuits, facilitating adaptive decision-making and cognitive flexibility."
index.html,Research Hypotheses
index.html,Confirmatory Hypotheses (Pre-Registered)
index.html,H1: Causal Effect on Behavioral Performance
index.html,Hypothesis:
index.html,HRV Biofeedback group will demonstrate significantly higher task performance (Relative Expected Value) compared to Active Control
index.html,Predicted Effect:
index.html,Cohen's d ≥ 0.50
index.html,Controls:
index.html,"Baseline HRV, respiratory parameters, age, sex"
index.html,H2: Physiological Mediation
index.html,Group effect on performance will be mediated by magnitude of HRV increase (ΔlogRMSSD)
index.html,"Causal mediation with 5,000 bootstrap iterations"
index.html,H3: Computational Mechanisms
index.html,Hierarchical Bayesian dual-alpha Q-learning predicts Biofeedback group will show:
index.html,Reduced decision noise (higher β)
index.html,Reduced learning rate asymmetry (lower |α⁺−α⁻|)
index.html,Reduced perseveration (lower κ)
index.html,Exploratory Hypotheses
index.html,Individual differences in ΔlogRMSSD correlate with task performance
index.html,Trial-level cardiac deceleration after losses predicts adaptive switching (moderated by Group)
index.html,Rigorous Active Control
index.html,Paced breathing outside resonance band controls for attention/rhythmic breathing without HRV amplification
index.html,Single-Session Design
index.html,"Tests immediate causal effects, avoids practice/expectancy confounds"
index.html,Computational Modeling
index.html,Hierarchical Bayesian RL dissects latent cognitive parameters
index.html,Respiratory Control
index.html,Continuous monitoring; statistical control for breathing confounds
index.html,Analyst Blinding
index.html,Analysts blind until final database lock
index.html,Full Pre-Registration
index.html,Complete protocol registered before data collection
index.html,Research Questions
index.html,Does HRV biofeedback training improve decision-making in reinforcement learning tasks?
index.html,What are the computational mechanisms underlying any observed effects?
index.html,How do individual differences in baseline HRV moderate training outcomes?
index.html,Methodological Features
index.html,Complete analysis plan registered before data collection
index.html,Accounts for individual differences and uncertainty quantification
index.html,"Reinforcement learning models (Q-learning, actor-critic) to understand decision processes"
index.html,Open science:
index.html,"All materials, data, and code will be publicly available upon completion"
index.html,View Registration (OSF)
index.html,"Lotfifar, A. M., & Mohammadi, M."
index.html,Neural Mechanisms of Cognitive–Emotional Integration: A Conceptual Framework for PFC–Limbic Flexibility and Hybrid EEG–fMRI Research
index.html,Narrative integrative review + conceptual construct + staged hybrid EEG–fMRI research agenda (no new participant data)
index.html,cognitive–emotional integration; PFC–limbic flexibility; allostasis; digital emotion contagion; consumer neuroscience; simultaneous EEG–fMRI; reproducibility; ethics
index.html,What the paper contributes
index.html,Diagnoses three gaps
index.html,": fragmented literatures (integration gap), missing subsystem-specific construct (construct gap), and a lack of “methods + governance” integration for applied persuasion settings."
index.html,Defines “PFC–limbic flexibility”
index.html,"as a falsifiable, multidimensional construct linking circuit dynamics to regulation and resistance outcomes."
index.html,Provides an implementation‑ready agenda
index.html,"for hybrid EEG–fMRI that is explicitly staged to reduce artifacts, analytic flexibility, and dual‑use risk."
index.html,PFC–limbic flexibility (operational definition)
index.html,Three measurable dimensions:
index.html,Context sensitivity
index.html,": how PFC–limbic coupling changes across message types, goals, and internal state."
index.html,Configurational diversity
index.html,: diversity of within‑subnetwork states across time (beyond static “connectivity”).
index.html,Neural–behavioral coupling
index.html,: correspondence between neural flexibility markers and regulation/resistance performance.
index.html,Proposed staged hybrid EEG–fMRI program
index.html,Stage 1 (EEG‑only):
index.html,"establish reliable electrophysiological indices of regulatory engagement during persuasion/resistance (e.g., frontal midline theta; LPP modulation)."
index.html,Stage 2 (fMRI‑only):
index.html,confirm robust activation/connectivity effects in predefined ROIs (PFC/ACC–amygdala/hippocampus/ventral striatum) using ROI‑first inference.
index.html,Stage 3 (Simultaneous EEG–fMRI):
index.html,"test EEG–BOLD correspondence and joint predictors, with preregistration, constrained ROIs, and artifact‑aware pipelines."
index.html,Core paradigm:
index.html,"within‑subject manipulation of message type (emotional framing vs matched informational controls; short‑term vs long‑term framing) and regulatory stance (passive, reappraisal‑like regulation, counter‑arguing)."
index.html,Example hypotheses (summarized)
index.html,Connectivity modulation:
index.html,stronger vlPFC/vmPFC–amygdala coupling modulation during successful resistance (vs passive viewing).
index.html,EEG ↔ fMRI correspondence:
index.html,increases in frontal midline theta and/or reduced LPP during regulation covary with ACC/dlPFC BOLD engagement.
index.html,Stress and reduced flexibility:
index.html,higher chronic stress/allostatic load predicts reduced context sensitivity and weaker neural–behavioral coupling.
index.html,Reproducibility & governance
index.html,The agenda treats
index.html,transparency and dual‑use governance
index.html,"as first‑class constraints: preregistration of primary outcomes, ROI‑first inference, quality‑control reporting for EEG–fMRI artifacts, and explicit restrictions against exploitative applications in vulnerable populations."
index.html,Project Page (Dashboard)
index.html,Download Paper (DOCX)
index.html,Download Paper (PDF)
index.html,Author:
index.html,"Lotfifar, A. M."
index.html,The E.M.E.R.G.E+ Framework: A Theoretical Model for Meaning Emergence Through Dual Entropy Dynamics
index.html,February 2026 (v1 preprint-ready)
index.html,Theoretical research article + computational simulations (no empirical participant data; n = 0)
index.html,meaning; entropy; psychedelics; active inference; consciousness; emotion regulation
index.html,Problem the framework addresses
index.html,"Psychedelics often produce experiences rated as deeply meaningful while increasing neural signal diversity (“entropy” proxies). At the same time, active inference / free‑energy accounts emphasize uncertainty reduction as adaptive. E.M.E.R.G.E+ resolves this by separating"
index.html,two kinds of meaning emergence
index.html,that have different entropy signatures.
index.html,: emerges during everyday coherent functioning via gradual entropy reduction.
index.html,: emerges via a
index.html,biphasic trajectory
index.html,"during critical transitions (e.g., psychedelic sessions): transient entropy elevation (onset/peak) followed by deep entropy reduction (descent/integration)."
index.html,Formalization
index.html,": coupled differential equations specify emotional entropy dynamics, arousal/energy terms, and boundary conditions across timescales (seconds–minutes vs hours–days)."
index.html,"Computational demonstrations (illustrative, not empirical)"
index.html,Simulations are mathematical demonstrations using hypothetical parameters (Python; Euler integration; seed = 2025). They illustrate qualitative behavior and internal consistency.
index.html,Routine demo (10 s):
index.html,emotional entropy proxy H
index.html,0.000 → −0.714 while routine meaning M
index.html,Transformative demo (0–8 h):
index.html,"peaks at 0.895 (≈ 2 h) then drops to −0.455 by 8 h (below baseline), with normalized cumulative transformative meaning reaching 1.000."
index.html,Falsifiable predictions (examples)
index.html,"Neural signal diversity measures (e.g., Lempel–Ziv complexity) should"
index.html,increase at peak
index.html,and then
index.html,decrease post‑peak
index.html,", potentially undershooting baseline in a subset of individuals."
index.html,The magnitude of the
index.html,post‑peak decrease
index.html,"should correlate with retrospective meaning ratings (e.g., MEQ30)."
index.html,"Phase‑2 dynamics (descent/integration) may be more outcome‑relevant than peak intensity, motivating monitoring windows of ~8–12 hours and integration supports during descent."
index.html,"Current status is explicitly theoretical (n = 0). The manuscript specifies operationalizations and validation protocols, and commits to sharing simulation code/outputs and preregistered empirical tests to support disconfirmable science."
index.html,The Digital Mirror Exposure Paradox: A Neurocognitive Framework for Understanding Beauty Filter Effects on Adolescent Self-Perception
index.html,"Theoretical framework paper (≈ 15k words) with computational formalization + 17 testable hypotheses (behavior, EEG, fMRI)"
index.html,beauty filters; body image; adolescence; self‑discrepancy; neurocognitive framework; digital mental health
index.html,Core claim
index.html,Beauty filters do something psychologically “special”: they create an
index.html,intrapersonal ideal
index.html,"(a more attractive version of the self) that is highly accessible, self‑resembling, and socially reinforced. The paradox is that a tool adopted to feel better can, over time, intensify dissatisfaction and avoidance."
index.html,Six-component framework (mechanistic model)
index.html,Algorithmic enhancement
index.html,of facial features (observable modifications).
index.html,Actual–digital self‑discrepancy
index.html,(filtered self becomes an “ideal self”).
index.html,Perceptual recalibration
index.html,(filtered self becomes the perceptual baseline).
index.html,Self‑objectification
index.html,and heightened appearance monitoring.
index.html,Filter dependence
index.html,as avoidance/safety behavior (reluctance to appear unfiltered).
index.html,Downstream psychosocial outcomes
index.html,"(e.g., distress, depression/eating‑risk pathways, social anxiety) with explicit notes on evidence vs theory."
index.html,Computational formalization (examples)
index.html,Body dissatisfaction trajectory:
index.html,Recalibration threshold:
index.html,P(filtered baseline) = 1 / (1 + e
index.html,Dependence via negative reinforcement:
index.html,V(filter) = −λ × E[distress | unfiltered]
index.html,Testable predictions (high-level)
index.html,develop and validate an Actual‑Digital Self‑Discrepancy Scale (ADSDS); test 4–6 week exposure effects on self‑image ratings; model 6–12+ month dependence trajectories.
index.html,"larger LPP to filtered self‑images (emotional salience), rightward FAA shifts during unfiltered self‑viewing (withdrawal motivation), with early face encoding (e.g., N170) predicted to be less affected than late evaluative components."
index.html,"predicted modulation of self‑referential network (mPFC/precuneus/PCC), reward valuation (ventral striatum), and conflict/control (dACC/dlPFC), with amygdala reactivity and connectivity effects in high‑dissatisfaction groups."
index.html,Interventions:
index.html,"filter abstinence, media‑literacy/self‑compassion training, and graded exposure to unfiltered self‑presentation, with explicit effect‑size targets in hypotheses."
index.html,Methodological roadmap & ethics
index.html,The paper proposes research designs that balance ecological validity and participant protection:
index.html,EMA + passive sensing for real‑world filter exposure; optional computer‑vision quantification of filter intensity.
index.html,Within‑subject laboratory paradigms presenting
index.html,filtered vs unfiltered self
index.html,"(EEG/fMRI), plus hybrid designs linking daily behavior to neural change."
index.html,"Explicit safeguarding for minors (privacy, secure storage, deletion of selfies, distress monitoring, opt‑out and stop rules)."
index.html,Islands of Your Mind: Thinking Styles for Everyday Life
index.html,Source book
index.html,underpinning two web implementations built from the same dataset.
index.html,Mind Islands variant
index.html,The full book details and the two apps are linked across the site for quick navigation.
index.html,Original Title:
index.html,Language:
index.html,Persian (فارسی)
index.html,Publisher:
index.html,To be announced
index.html,is a forthcoming Persian-language book that introduces evidence-informed models of thinking and decision-making.
index.html,"It summarizes recurring cognitive patterns (e.g., biases, habit loops, and emotion-driven choices) and links them to practical reflection tools and structured exercises."
index.html,"The aim is to help readers describe their current thinking style clearly and adjust it in a realistic, actionable way."
index.html,"Using the metaphor of islands, the book introduces nine main thinking styles:"
index.html,Island of Analysts - Breaking problems into pieces and searching for cause and effect
index.html,Island of Creators - Breaking out of familiar frameworks and finding unconventional solutions
index.html,Island of Questioners - Evaluating sources and logic before accepting any claim or news
index.html,Empathetic Thinking
index.html,Island of Empaths - Understanding the feelings and experiences of others
index.html,Systems Thinking
index.html,Island of Systems Thinkers - Seeing problems as products of patterns and hidden structures
index.html,Island of Strategists - Bringing future years into the equation alongside today
index.html,Experimental/Scientific Thinking
index.html,Island of Experimenters - Testing small versions of decisions in practice
index.html,Integrative Thinking
index.html,Island of Integrators - Combining multiple thinking styles when one is not enough
index.html,"Island of Reflectors - Stepping back to ask: ""How did I think that brought me here?"""
index.html,Chapter Zero: 24 Hours with Your Mind
index.html,"Before anything else, observe how you think. This chapter contains five practical exercises to help you observe your current mind without judgment."
index.html,Chapter One: The Mind Workshop - Common Ground of the Islands
index.html,"General framework: automatic vs. conscious mind, the map of 9 islands, and basic neuroscience knowledge"
index.html,Chapters 2-10: Journey to the Islands
index.html,"Each chapter focuses on one thinking style with real-life scenarios, neuroscience explanations, and practical exercises"
index.html,Key Features
index.html,Science Communication:
index.html,"Translates complex cognitive psychology and neuroscience concepts into simple, practical language"
index.html,Practical Application:
index.html,Each thinking style includes actionable exercises and real-life examples from everyday situations
index.html,Evidence-Based:
index.html,Grounded in cognitive psychology and contemporary neuroscience research
index.html,Accompanied by the THINK-360+ Progressive Web Application
index.html,Exercise-Focused:
index.html,Chapter Zero is entirely exercise-based; each chapter ends with specific practice activities
index.html,This book may be relevant for readers who:
index.html,experience complex or persistent thoughts yet find decision-making unclear
index.html,invest substantial effort in thinking but perceive weak outcomes
index.html,"notice recurring patterns in relationships, study, work, or finances"
index.html,reach similar dead ends across different contexts
index.html,"recognize that durable change may require examining underlying thinking styles, not only changing external circumstances"
index.html,"A comprehensive Progressive Web Application (PWA) developed as an interactive companion to the book, transforming concepts into interactive cognitive exercises:"
index.html,Technology
index.html,"6,000+ lines of production code (HTML5, CSS3, JavaScript ES6+, Service Workers)"
index.html,Features
index.html,"Interactive exercises, progress tracking, bookmarks, local persistence"
index.html,Complete Persian/English interface with RTL support
index.html,Architecture
index.html,Multi-page PWA with hierarchical navigation and deep linking
index.html,Try Interactive Platform
index.html,"School Consulting & Private Tutoring • Tehran, Iran"
index.html,"Since 2016, I have been providing educational support and psychological services through two interconnected paths: volunteer consulting at my former middle school and private tutoring specializing in mathematics instruction for children with learning difficulties and cognitive impairments."
index.html,What began as straightforward mathematics tutoring evolved into a profound interest in neuroscience and cognitive rehabilitation
index.html,"after encountering a student whose learning challenges opened my eyes to the fascinating intersection of brain function, learning, and therapeutic intervention."
index.html,School-Based Volunteer Consulting
index.html,Setting & Background
index.html,I maintain an ongoing volunteer relationship with the middle school where I studied during my own adolescence. This unique connection allows me to give back to the institution that shaped my early education while gaining valuable practical experience in educational psychology and child development.
index.html,Role:
index.html,"Provide temporary, as-needed psychological and educational support on a volunteer basis"
index.html,Student Population:
index.html,"Middle school students (grades 7-9, ages 12-15) with diverse backgrounds and needs"
index.html,Services Provided
index.html,Working with Children:
index.html,"Direct engagement with students experiencing behavioral, emotional, or academic challenges"
index.html,Educational Support:
index.html,"Assist with teaching and learning strategies, particularly for students struggling with mathematics"
index.html,Talent Discovery:
index.html,"Help identify and nurture students' strengths, abilities, and potential talents"
index.html,Consultation:
index.html,Informal consultation with teachers and administrators on student needs and effective interventions
index.html,Referral Support:
index.html,Identify students who would benefit from more intensive private intervention and facilitate appropriate referrals
index.html,Bridge to Private Practice
index.html,"For students requiring more intensive support than can be provided in the school setting, I offer private tutoring and play therapy services. This arrangement allows for:"
index.html,Continuity of care:
index.html,Seamless transition from school-based identification to private intervention
index.html,Intensive support:
index.html,One-on-one mathematics tutoring and play therapy for students with significant learning challenges
index.html,Specialized intervention:
index.html,"Tailored approaches for students with cognitive impairments, TBI history, or developmental delays"
index.html,Long-term follow-up:
index.html,Sustained support that extends beyond what schools can typically provide
index.html,Private Tutoring & Therapeutic Educational Services
index.html,Mathematics Tutoring Specialization
index.html,"Children and adolescents with specific learning disorders (dyscalculia, ADHD)"
index.html,Students with developmental delays or intellectual disabilities
index.html,Individuals with traumatic brain injury (TBI) history
index.html,Adults with cognitive impairments affecting mathematical reasoning
index.html,Play Therapy Integration
index.html,"For students referred from the school (and others) who require more than academic support, I incorporate play therapy techniques into educational interventions. This integrated approach addresses both cognitive and emotional aspects of learning difficulties."
index.html,Play-Based Learning:
index.html,Using games and play activities to teach mathematical concepts
index.html,Emotional Support:
index.html,"Addressing anxiety, frustration, and self-esteem issues that interfere with learning"
index.html,Cognitive Engagement:
index.html,"Building foundational cognitive skills (attention, working memory, executive function)"
index.html,Relationship Building:
index.html,"Creating a safe, supportive environment where students feel comfortable making mistakes and taking risks"
index.html,The Case That Changed My Path
index.html,A Turning Point in My Career Journey
index.html,How working with a student with TBI led me to neuroscience
index.html,The Student
index.html,"In my early years of tutoring (before I began formal psychology studies), I worked with a 30-year-old male student for approximately 1.5 years who presented profound mathematical learning difficulties that I initially could not understand or effectively address."
index.html,Presenting Challenges:
index.html,Complete absence of abstract thinking:
index.html,Unable to represent or manipulate numbers mentally
index.html,Severe working memory deficits:
index.html,"Could not hold even simple calculations like ""3 × 7"" in mind"
index.html,"Concrete, one-by-one counting:"
index.html,Had to physically count each unit individually; could not use grouping strategies
index.html,No mental number line:
index.html,Lacked internal representation of numerical magnitude and relationships
index.html,Inability to generalize:
index.html,Each problem had to be solved from scratch; could not apply learned strategies to new situations
index.html,Medical History:
index.html,Childhood seizure disorder:
index.html,Experienced recurrent seizures during developmental years
index.html,Traumatic brain injury (TBI):
index.html,Sustained brain injury that likely contributed to cognitive impairments
index.html,Long-term cognitive sequelae:
index.html,"Persistent difficulties with abstract reasoning, working memory, and numerical cognition"
index.html,Case-Informed Tutoring Adaptation (TBI-related learning constraints)
index.html,"Early tutoring work with a learner showing severe, persistent mathematical impairment after traumatic brain injury highlighted the limits of standard instruction and the need for individualized, evidence-informed adaptation."
index.html,Instructional adaptations (high level):
index.html,"Shifted from primarily verbal/abstract explanations to concrete manipulatives and structured, game-based tasks."
index.html,Reduced performance pressure by using error-tolerant practice and incremental mastery goals.
index.html,Applied scaffolding and multi-sensory representations to support working memory and concept formation.
index.html,Professional takeaways:
index.html,Learning outcomes can reflect underlying cognitive and neural constraints; instructional design benefits from aligning with the learner’s cognitive profile.
index.html,"Motivated formal training in psychology, neuropsychology, and cognitive neuroscience with an interest in rehabilitation and evidence-based intervention."
index.html,Exposure to TBI-related learning constraints reinforced my interest in brain-behavior mechanisms and translational research that improves educational and therapeutic interventions.
index.html,Teaching Approach & Methods
index.html,Therapeutic Educational Framework
index.html,"My approach has evolved substantially since 2016, now integrating neuropsychological principles with educational and therapeutic techniques:"
index.html,Cognitive Assessment
index.html,Informal assessment of cognitive strengths and weaknesses
index.html,"Identifying specific areas of difficulty (working memory, attention, processing speed)"
index.html,Understanding learning profile to tailor instruction
index.html,Individualized Instruction
index.html,Errorless learning techniques to build confidence
index.html,Concrete-to-abstract progression
index.html,Multisensory teaching methods
index.html,Cognitive scaffolding and support
index.html,Play-Based Learning
index.html,Mathematical games and puzzles
index.html,Physical manipulatives and hands-on activities
index.html,Playful exploration of concepts
index.html,Reduced anxiety through non-evaluative activities
index.html,Emotional Support
index.html,Building self-efficacy and confidence
index.html,Addressing math anxiety and learned helplessness
index.html,Creating safe space for making mistakes
index.html,Celebrating small victories and progress
index.html,Neuroscience-Informed Practice
index.html,Understanding brain-based learning principles
index.html,Recognizing signs of cognitive fatigue
index.html,Adapting to attentional limitations
index.html,Supporting executive function development
index.html,‍‍Family Collaboration
index.html,Parent consultation and guidance
index.html,Home practice recommendations
index.html,Progress updates and feedback
index.html,Referrals to specialists when needed
index.html,Student Outcomes & Impact
index.html,"While outcomes vary substantially based on each student's unique profile and challenges, consistent themes emerge:"
index.html,Improved confidence:
index.html,Students develop more positive attitudes toward mathematics and learning
index.html,Reduced anxiety:
index.html,"Math anxiety decreases through supportive, playful approaches"
index.html,Skill development:
index.html,Gradual improvement in foundational mathematical skills within the limits of cognitive capacity
index.html,Better self-understanding:
index.html,Students gain awareness of their learning strengths and challenges
index.html,Family support:
index.html,Parents gain strategies for supporting their child's learning at home
index.html,Appropriate referrals:
index.html,"When needed, families receive guidance toward specialized services (neuropsychological evaluation, occupational therapy, etc.)"
index.html,Important Note:
index.html,"I am realistic about limitations. For students with significant cognitive impairments (like the TBI case described above), progress in mathematical learning may be minimal despite best efforts. In these cases, the goal shifts toward building confidence, developing compensatory strategies, and ensuring students feel supported and valued—not ""fixed"" or ""cured."""
index.html,Skills Developed Through This Work
index.html,Play Therapy
index.html,Neuropsychological Understanding
index.html,TBI & Brain Injury
index.html,Mathematics Instruction
index.html,Behavioral Observation
index.html,Parent Consultation
index.html,Therapeutic Relationship
index.html,Patience & Empathy
index.html,Connection to Graduate Studies
index.html,This hands-on experience working with children and adults with cognitive impairments has profoundly shaped my research interests and career goals. It has shown me firsthand the critical importance of understanding neural mechanisms underlying learning and cognition.
index.html,Every student I work with reinforces my commitment to pursuing neuroscience research that can ultimately inform better educational and therapeutic interventions.
index.html,"My experience with the TBI case, in particular, ignited a passion for understanding brain injury, neural rehabilitation, and the relationship between brain structure and cognitive function—themes that continue to drive my academic pursuits and future research aspirations. This practical foundation in working directly with individuals facing cognitive challenges provides invaluable context for my interest in cognitive neuroscience and neuropsychological research."
index.html,"PVD Kavian Co. • Tehran, Iran • 2019 - Present"
index.html,Open payroll dashboard
index.html,View dashboard details
index.html,Position Overview
index.html,Support PVD Kavian Co. (Kavico)—a PVD coating services company—in building data-driven operations: from client-facing web presence to internal HR analytics and payroll automation.
index.html,Employment Timeline:
index.html,Full-time role (operations analytics + reporting)
index.html,2021-Present:
index.html,Part-time consultant (automation + dashboard maintenance)
index.html,This role blends real-world business constraints with rigorous data validation and reporting—skills that transfer directly to research workflows.
index.html,Key digital deliverables (Web + HR dashboards)
index.html,Kavico corporate website (FA/EN):
index.html,"service pages, bilingual navigation, SEO-ready structure —"
index.html,live demo
index.html,KIA Coating product catalog:
index.html,product listing and catalog UX —
index.html,Kavian HR & Payroll dashboard (local-first):
index.html,attendance tracking + payroll calculation engine —
index.html,open dashboard
index.html,view details
index.html,Payroll dashboard capabilities:
index.html,"Company/workshop profile (legal IDs, managers) + personnel management (profiles, photos, bank info)."
index.html,"Multi-month attendance (Solar Hijri) with per-day statuses (workday/holiday/Friday), configurable lateness/early-leave thresholds, and per-employee work-hour overrides."
index.html,"Rule-based payroll: overtime and Friday multipliers, lunch deduction, leave handling, conditional penalties, advances, and pro‑rata settings."
index.html,"Compliance knobs: labor-law rates, social security settings, and payroll tax parameters (per employee)."
index.html,"Management outputs: data validation checks, monthly summary reports, Excel export, printable payslips, and digital signature panel."
index.html,Local-first delivery: runs as a single browser page on a local PC (no server). Data persists in local storage and can be imported/exported.
index.html,Core Responsibilities
index.html,Financial Analysis & Accounting
index.html,Financial Reporting:
index.html,"Prepare comprehensive financial statements, cash flow analyses, and budget reports"
index.html,Accounting Management:
index.html,"Oversee accounting operations including ledger maintenance, reconciliation, and financial documentation"
index.html,Financial Forecasting:
index.html,"Develop quantitative models for revenue projection, expense forecasting, and financial planning"
index.html,Cost Analysis:
index.html,Conduct detailed cost-benefit analyses for business decisions and investment opportunities
index.html,Budget Management:
index.html,"Design and monitor departmental budgets, variance analysis, and resource allocation"
index.html,Data Analytics & Business Intelligence
index.html,Business Intelligence Dashboards:
index.html,Design and implement interactive Power BI dashboards for real-time business monitoring and decision support
index.html,"Create automated data extraction, transformation, and loading (ETL) processes to streamline reporting"
index.html,"Conduct comprehensive analyses of business datasets to identify trends, patterns, and actionable insights"
index.html,KPI Development:
index.html,Define and track key performance indicators aligned with organizational goals
index.html,"Transform complex datasets into clear, accessible visualizations for stakeholder communication"
index.html,Predictive Analytics:
index.html,Apply statistical modeling techniques to forecast business outcomes and support strategic planning
index.html,Strategic Management & Consulting
index.html,Statistical Consulting:
index.html,Advise management on appropriate analytical methods for business questions and data-driven decision-making
index.html,Management Reporting:
index.html,Prepare executive-level reports synthesizing financial and operational data for strategic decisions
index.html,Risk Assessment:
index.html,Identify financial and operational risks through quantitative analysis and develop mitigation strategies
index.html,Process Optimization:
index.html,Analyze business workflows and recommend data-driven improvements for efficiency and cost reduction
index.html,Design metrics and evaluation frameworks for assessing organizational and departmental performance
index.html,Technical Skills & Tools
index.html,Business Intelligence & Visualization
index.html,Power BI (Working Knowledge):
index.html,Dashboard Development:
index.html,Created basic interactive dashboards for financial tracking and reporting
index.html,DAX Functions:
index.html,Working knowledge of DAX formulas for calculations and measures
index.html,Basic understanding of data models and relationships
index.html,Power Query:
index.html,Data transformation and cleaning using Power Query
index.html,Report Creation:
index.html,Designed reports with standard visualizations for business needs
index.html,Microsoft Excel (Advanced)
index.html,Pivot Tables & Charts
index.html,SQL (Basic)
index.html,Statistical & Analytical Methods
index.html,Regression Analysis
index.html,Time Series Forecasting
index.html,Financial Modeling
index.html,Risk Analysis
index.html,Variance Analysis
index.html,Correlation Analysis
index.html,Trend Analysis
index.html,Monte Carlo Simulation
index.html,Sensitivity Analysis
index.html,Programming & Data Science
index.html,Python:
index.html,"pandas, NumPy for data manipulation and analysis"
index.html,Statistical computing and specialized financial analyses
index.html,"Database queries, joins, and data extraction"
index.html,Excel VBA:
index.html,Automation of repetitive tasks and custom functions
index.html,Key Projects & Achievements
index.html,Financial Reporting & Dashboard Development
index.html,Power BI & Excel • 2020-Present
index.html,Management needed better visibility into financial performance and operational metrics beyond static monthly Excel reports.
index.html,Developed basic Power BI dashboards and Excel-based reports to provide clearer financial tracking and performance monitoring.
index.html,"Created simple dashboards for tracking cash flow, revenue, and expenses"
index.html,Improved report clarity through better visualizations and data organization
index.html,Reduced time spent on manual data compilation
index.html,Provided more accessible reporting format for management
index.html,Data Quality & Process Optimization Initiative
index.html,Inconsistent data entry practices and lack of standardization led to errors in financial reporting and time-consuming data cleaning.
index.html,"Implemented comprehensive data quality protocols including validation rules, standardized templates, and automated error detection systems."
index.html,85% reduction
index.html,in data entry errors
index.html,Standardized processes
index.html,ensuring consistency across all financial documentation
index.html,Audit-ready records
index.html,with complete documentation and traceability
index.html,Training program
index.html,developed for staff on data quality best practices
index.html,Cost Optimization Analysis
index.html,Rising operational costs without clear visibility into cost drivers or opportunities for efficiency improvements.
index.html,"Conducted comprehensive cost analysis identifying expense categories, benchmarking against industry standards, and recommending optimization strategies."
index.html,Identified savings
index.html,of 18% in operational expenses through process improvements
index.html,Vendor negotiations
index.html,informed by data analysis resulting in better contract terms
index.html,Resource reallocation
index.html,recommendations optimizing staffing and workflow
index.html,Professional Development & Learning
index.html,This position has required continuous self-directed learning to stay current with evolving tools and methodologies:
index.html,Power BI Basics:
index.html,Learned fundamental dashboard creation and data visualization
index.html,Financial Acumen:
index.html,"Developed understanding of accounting principles, financial statements, and business finance"
index.html,Communication Skills:
index.html,Learned to present analytical findings clearly to management
index.html,Business Context:
index.html,Gained practical understanding of how data supports business decisions
index.html,Transferable Skills for Research
index.html,Direct Applications to Neuroscience Research
index.html,The analytical and technical skills developed in this role are directly transferable to computational and cognitive neuroscience research:
index.html,Data Management
index.html,"Experience with large, messy real-world datasets"
index.html,"Data cleaning, validation, and quality assurance"
index.html,ETL pipeline development
index.html,Database design and optimization
index.html,Analytical Rigor
index.html,Systematic approach to data analysis
index.html,Hypothesis-driven investigation
index.html,Statistical modeling and inference
index.html,Reproducible analysis workflows
index.html,Technical Proficiency
index.html,"Programming for data analysis (Python, R)"
index.html,Advanced visualization techniques
index.html,Automation of repetitive tasks
index.html,Version control and documentation
index.html,Problem-Solving
index.html,Identifying appropriate methods for ambiguous questions
index.html,Iterative refinement of analysis approaches
index.html,Troubleshooting technical issues independently
index.html,Creative solutions to data challenges
index.html,Communication
index.html,Translating technical findings for diverse audiences
index.html,Data storytelling and visualization
index.html,Report writing and documentation
index.html,Stakeholder management
index.html,⏱Professional Skills
index.html,Time management with competing priorities
index.html,Meeting deadlines under pressure
index.html,Self-directed learning and adaptation
index.html,Attention to detail and accuracy
index.html,Financial Independence & Academic Support
index.html,This part-time consulting work strengthened my applied statistics and reproducible analysis skills through real client datasets and clear communication of results.
index.html,Full-Time Period (2019-2021):
index.html,Enabled me to complete undergraduate studies without financial constraints while gaining practical analytical experience
index.html,Part-Time Period (2021-Present):
index.html,"Continues to support graduate school applications, professional development courses, research tools, and academic conferences"
index.html,"Purchased necessary software licenses (SPSS, specialized tools), books, and equipment without relying on external funding"
index.html,Professional Development:
index.html,"Funded certifications, courses, and training programs that enhanced my research capabilities"
index.html,Part-time arrangement allowed me to focus on research projects and manuscript preparation while maintaining financial stability
index.html,This position demonstrates not only my practical analytical capabilities but also my ability to balance professional responsibilities with academic commitments—a skillset essential for successful graduate research where projects often extend beyond traditional work hours.
index.html,Company Context: PVD Kavian Co.
index.html,About the Organization:
index.html,"PVD Kavian Co. is a small-scale business consulting and financial services firm based in Tehran, specializing in accounting, financial analysis, and business advisory services for small to medium-sized enterprises."
index.html,My Role's Scope:
index.html,"As the sole data analyst and statistician in a small organization, I have had the opportunity to:"
index.html,End-to-end project ownership:
index.html,From problem definition to solution implementation and stakeholder presentation
index.html,Diverse responsibilities:
index.html,"Exposure to finance, accounting, operations, and strategic planning"
index.html,Direct impact:
index.html,"Visible, measurable effects of my analytical work on business decisions and outcomes"
index.html,Interdisciplinary collaboration:
index.html,"Working with management, accountants, and clients from various industries"
index.html,Resource constraints:
index.html,Learning to deliver high-quality results with limited tools and budget—fostering creativity and efficiency
index.html,Skills Summary
index.html,Power BI (Basic-Intermediate)
index.html,Financial Analysis
index.html,Statistical Analysis
index.html,"Python (pandas, NumPy)"
index.html,R Programming
index.html,Excel Advanced
index.html,Report Design
index.html,Financial Reporting
index.html,Relevance to Graduate Studies
index.html,Kavian HR & Payroll Dashboard
index.html,PVD Kavian Co. • Internal HR & payroll system • Local-first single-page app
index.html,HTML/JS (single-file)
index.html,Rule-based payroll engine
index.html,Offline / Local storage
index.html,Open dashboard
index.html,What it does
index.html,A local-first HR dashboard built for a small manufacturing/workshop context to
index.html,track attendance
index.html,"transparent, rule-based payroll pipeline"
index.html,". It is designed to be used on a single Windows PC in the company office, without any server setup."
index.html,"The focus is reliability and auditability: every parameter is explicit (rates, multipliers, thresholds), and the output can be validated against raw attendance records."
index.html,Core modules
index.html,Company / workshop profile:
index.html,"legal identifiers, managers, contract defaults, configurable payroll parameters."
index.html,Personnel management:
index.html,"employee profiles (ID, bank info), role/shift metadata, and per-employee overrides."
index.html,Attendance calendar (multi-month):
index.html,"day types (workday/holiday/Friday), late/early thresholds, and manual corrections with notes."
index.html,Rule-based payroll engine:
index.html,"overtime, Friday multipliers, lunch deduction, leave handling, advances, and conditional penalties."
index.html,Compliance knobs:
index.html,"labor-law rates, social security settings, payroll tax parameters (employee-level)."
index.html,Reporting & exports
index.html,Monthly summaries:
index.html,"per-employee totals (hours, overtime, deductions, net pay) and company-level rollups."
index.html,Validation checks:
index.html,"missing days, inconsistent statuses, and out-of-range inputs flagged before calculation."
index.html,Exports:
index.html,"Excel-ready outputs, printable payslips, and import/export of the full dataset for backup or transfer."
index.html,Privacy & deployment
index.html,Runs entirely in the browser
index.html,as a single HTML file (no hosting required).
index.html,Local-first storage:
index.html,data persists via browser local storage; optional import/export enables backups.
index.html,No tracking / no accounts:
index.html,designed for offline use on an internal office machine.
index.html,Where it sits in this portfolio
index.html,This dashboard is part of my
index.html,experience at PVD Kavian Co.
index.html,"A parallel, project-based practice focused on"
index.html,"clean, conversion-oriented websites"
index.html,coherent visual systems
index.html,. I handle the full pipeline from content structure and UI layout to implementation and launch readiness. My research background shows up here as an obsession with
index.html,clarity
index.html,information design
index.html,measurable usability
index.html,Web Design & Implementation
index.html,Information architecture:
index.html,"page hierarchy, navigation, and content mapping for clarity and user journeys."
index.html,Responsive UI:
index.html,"mobile-first layouts, semantic HTML, and accessible components (readability, contrast, alt text)."
index.html,WordPress delivery:
index.html,"theme selection/customization, plugin configuration, page builders when appropriate, and content modeling."
index.html,Front-end polish:
index.html,"targeted HTML/CSS/JS refinements for performance, consistency, and cross-browser behavior."
index.html,Launch readiness:
index.html,"basic performance checks, broken-link checks, and structured page metadata (Open Graph)."
index.html,Graphic & Visual Design
index.html,Brand assets:
index.html,"logo variants, typography/color choices, reusable templates, and consistent visual language."
index.html,Digital collateral:
index.html,"social media graphics, banners, thumbnails, and lightweight print-ready items."
index.html,UI assets:
index.html,icons/illustrations and image optimization for fast-loading pages.
index.html,SEO & Content Readiness
index.html,On-page foundations:
index.html,"semantic headings, meta titles/descriptions, internal linking, and image optimization."
index.html,Technical basics:
index.html,"mobile usability, crawl-friendly structure, sitemap/robots conventions when relevant."
index.html,Structured metadata:
index.html,Open Graph and JSON-LD style markup when it supports clearer indexing.
index.html,Content structure:
index.html,layout and copy organization that supports discoverability and reduces bounce.
index.html,Note: This work focuses on
index.html,SEO readiness and technical hygiene
index.html,", not “guaranteed rankings” marketing claims."
index.html,Workflow & Quality Checks
index.html,Iterative delivery:
index.html,quick drafts → feedback loops → final polish.
index.html,basic Lighthouse/DevTools checks and accessibility-minded layout choices.
index.html,Consistency:
index.html,"reusable components, spacing/type scales, and style rules to keep pages uniform."
index.html,UI layout
index.html,Branding systems
index.html,Vector/Raster editing
index.html,SEO foundations
index.html,Metadata
index.html,Performance basics
index.html,Accessibility basics
index.html,Evidence in this portfolio
index.html,This CV site and the project dashboards reflect my front-end implementation and information-design style.
index.html,Open THINK‑360+ (Live Demo)
index.html,Role Summary
index.html,Scope:
index.html,"Website design & implementation, WordPress builds, visual assets, and SEO-ready structure."
index.html,Engagement:
index.html,"Part-time, project-based (secondary role) since 2020."
index.html,Selected website projects
index.html,Kavian (Kavico) | PVD Coating & Services Website
index.html,"Bilingual marketing site • Services, shop, resources, and interactive comparisons"
index.html,"A full Persian/English website for an industrial + decorative PVD coating brand, with clear service navigation, inquiry CTAs, before/after slider sections, and a quick coating-comparison widget for faster customer decisions."
index.html,Bilingual UX:
index.html,Persian/English toggle for broader reach
index.html,Service IA:
index.html,"Dedicated routes for PVD (industrial / decorative), nickel-chrome plating, polishing, and specialized PVD for faucets & hardware"
index.html,"Articles, portfolio (samples), FAQ, workflow, QC, and coating selection guide"
index.html,Before/after slider sections + quick coating comparison block
index.html,Conversion focus:
index.html,Clear CTAs (price inquiry / contact) and fast navigation paths
index.html,KIA Coating | Product Catalog (Gatria)
index.html,Catalog website • Product listing and quick browsing
index.html,"A lightweight, shareable catalog page focused on product browsing. Built for clarity and speed, so non-technical stakeholders can review offerings easily."
index.html,Mind Islands | Book companion site
index.html,Book + app demo • Live demo + repo
index.html,Companion site for the “Mind Islands” book project (landing + app demo). Includes the PWA demo link and source repository.
index.html,TOEFL Academic | Offline-ready lessons (PWA)
index.html,Web app • Lessons + dictionary + offline mode
index.html,"A browser-based TOEFL study tool with lesson pages, dictionary, and offline support (PWA-style). Built to stay usable even with spotty internet."
index.html,Lesson pages with quick navigation + search
index.html,Built-in dictionary and word pages for practice
index.html,Offline mode (PWA/service worker) so the app keeps working without stable internet
index.html,Settings page to control reading experience
index.html,Data Analysis with Python
index.html,Tehran Institute of Technology • 2024
index.html,COMPLETED • GRADE: A+ (92%)
index.html,"Practical, end-to-end data analysis in Python (data wrangling → EDA → statistics → visualization → reporting)."
index.html,"Work with real-world datasets (cleaning, reshaping, missing values, quality checks)"
index.html,Build reproducible notebooks and analysis pipelines for research and applied projects
index.html,Communicate findings through clear plots and concise summary tables
index.html,"Collect, structure, and validate datasets for analysis"
index.html,"Perform exploratory analysis to identify patterns, outliers, and data quality issues"
index.html,Apply core statistical reasoning and hypothesis tests for inference
index.html,Design effective visualizations for communicating results
index.html,Data Manipulation & Analysis
index.html,Matrix Construction:
index.html,Building various types of data matrices and hyper-matrices
index.html,Performing diverse analyses on matrices and data structures
index.html,Systematic investigation of datasets to discover patterns and anomalies
index.html,Feature Engineering:
index.html,Extracting hidden features in data and preparing them for intelligent algorithms
index.html,Pattern Recognition:
index.html,Discovering patterns embedded in data and relationships between them
index.html,Statistical Analysis & Visualization
index.html,Multi-dimensional Visualization:
index.html,Data visualization from different perspectives with various dimensions
index.html,Statistical Distributions:
index.html,Understanding different data distributions and their applications in data analysis
index.html,Hypothesis Testing:
index.html,Performing various statistical tests to infer causes of phenomena
index.html,Statistical Inference:
index.html,Drawing conclusions from data using rigorous statistical methods
index.html,Data Preprocessing & Preparation
index.html,Detecting erroneous data and correcting them
index.html,Various types of data partitioning and organization
index.html,Format Correction:
index.html,Standardizing data formats for consistency
index.html,Model Preparation:
index.html,Preparing data for training by intelligent models
index.html,Course Curriculum
index.html,Module 1: Artificial Intelligence Fundamentals
index.html,Introduction to artificial intelligence and macro concepts
index.html,Overview of AI landscape and applications
index.html,Understanding the role of data in AI systems
index.html,Relationship between data analysis and machine learning
index.html,Module 2: Environment Setup
index.html,Installing and preparing necessary environments for artificial intelligence
index.html,Python installation and configuration
index.html,Jupyter Notebook setup
index.html,"Essential libraries installation (NumPy, pandas, matplotlib, seaborn, scikit-learn)"
index.html,Module 3: Linear Algebra Foundations
index.html,Review of linear algebra concepts essential for data analysis
index.html,Vectors and matrices
index.html,Matrix operations and transformations
index.html,Eigenvalues and eigenvectors
index.html,Applications in data analysis
index.html,Module 4: Data Preprocessing Packages
index.html,Training and working with various preprocessing and data analysis packages
index.html,NumPy:
index.html,Numerical computing and array operations
index.html,pandas:
index.html,Data manipulation and analysis
index.html,"Handling missing values, outliers, duplicates"
index.html,"Normalization, standardization, encoding"
index.html,Module 5: Exploratory Data Analysis (EDA)
index.html,Comprehensive exploratory data analysis techniques
index.html,Descriptive statistics and summary measures
index.html,Distribution analysis
index.html,Correlation and relationship identification
index.html,Outlier detection and treatment
index.html,Data quality assessment
index.html,Module 6: Data Visualization
index.html,Training and working with various data visualization packages
index.html,matplotlib:
index.html,Foundational plotting library
index.html,seaborn:
index.html,Statistical data visualization
index.html,Creating informative and aesthetically pleasing visualizations
index.html,Multi-dimensional data representation
index.html,Interactive visualizations
index.html,Technical Stack
index.html,Python 3.x
index.html,seaborn
index.html,scikit-learn
index.html,Jupyter Notebook
index.html,Machine Learning Basics
index.html,Final Grade
index.html,Achievement Level
index.html,Top Performance
index.html,Demonstrated exceptional proficiency in data analysis techniques and Python programming
index.html,Successfully completed multiple real-world data analysis projects demonstrating mastery of course concepts
index.html,Key Learning Outcomes
index.html,"By the end of this course, I developed the ability to:"
index.html,Collect and organize data:
index.html,Gather data from various real-world sources and structure it appropriately
index.html,Perform comprehensive EDA:
index.html,Systematically explore datasets to understand their characteristics and quality
index.html,Apply statistical methods:
index.html,Use appropriate statistical tests and techniques to draw meaningful conclusions
index.html,Create effective visualizations:
index.html,"Design clear, informative visualizations that communicate insights effectively"
index.html,Prepare data for modeling:
index.html,"Clean, transform, and engineer features suitable for machine learning applications"
index.html,Identify patterns:
index.html,Discover hidden patterns and relationships within complex datasets
index.html,Work with industry-standard tools:
index.html,Proficiently use Python's data science ecosystem
index.html,Relevance to Research
index.html,This course provided essential practical skills for computational neuroscience research:
index.html,Techniques learned are directly applicable to neuroimaging data preprocessing and analysis
index.html,Skills in data cleaning and organization essential for experimental psychology research
index.html,Statistical Rigor:
index.html,Strong foundation in statistical testing critical for publication-quality research
index.html,"Jupyter Notebook workflows support transparent, reproducible analysis pipelines"
index.html,Model Development:
index.html,Data preparation skills essential for computational modeling in cognitive neuroscience
index.html,Python automation capabilities help streamline research workflows
index.html,The A+ grade (92%) demonstrates not only theoretical understanding but practical mastery of data analysis techniques—a critical competency for modern neuroscience research that increasingly relies on computational approaches and large-scale data analysis.
index.html,Practical Applications in My Research
index.html,Skills from this course have been directly applied in my research projects:
index.html,Used pandas for EEG data management and organization
index.html,Applied NumPy for signal processing and entropy calculations
index.html,Created comprehensive visualizations with matplotlib and seaborn
index.html,Performed statistical analyses to test hypotheses
index.html,Designed data collection and preprocessing pipelines
index.html,Planned statistical analysis workflows
index.html,Prepared for hierarchical Bayesian modeling implementation
index.html,Developed visualization strategies for results presentation
index.html,Tehran Institute of Technology
index.html,Final Grade:
index.html,Year:
index.html,"This certification validates comprehensive knowledge and practical skills in Python-based data analysis, statistical methods, and data visualization—core competencies for computational research in neuroscience and psychology."
index.html,Behavior Design in Business & Neuromarketing
index.html,National Brain Mapping Lab (NBML) • October 2023 • 37 Hours
index.html,"Applying behavioral economics and neuromarketing concepts to marketing, product, and organizational decision-making."
index.html,Provider:
index.html,"National Brain Mapping Lab (NBML), Tehran"
index.html,Hybrid (online + in-person) • 37 hours • Oct 2023
index.html,"cognitive biases, dual-process models, choice architecture, real-world case discussion"
index.html,Course Structure: 8 Comprehensive Sessions
index.html,"The program consisted of eight intensive sessions taught by leading experts in behavioral economics, neuromarketing, and business strategy:"
index.html,Session 1: Introduction to Behavioral Economics
index.html,"Sunday, October 7, 2023 • 3:00-8:00 PM (5 hours)"
index.html,Introduction to behavioral economics and its applications
index.html,Understanding decision-making processes and thinking systems
index.html,Cognitive biases and systematic errors in judgment
index.html,Dual-process theory: System 1 vs. System 2 thinking
index.html,Applications in business and consumer behavior
index.html,"Founder of Bias Team and Chief Marketing Strategy Officer, Entekhab Electronic Industrial Group"
index.html,Session 2: Foundations of Neuromarketing
index.html,"Tuesday, October 9, 2023 • 4:00-8:00 PM (4 hours)"
index.html,Fundamentals and introduction to neuromarketing tools
index.html,Cognitive neuroscience in neuromarketing applications
index.html,"EEG, fMRI, and eye-tracking in consumer research"
index.html,Measuring emotional and cognitive responses to marketing stimuli
index.html,Limitations and ethical considerations
index.html,"Dr. Mohammadreza Abolghasemi Dehaqani, Faculty Member, Department of Electrical and Computer Engineering, University of Tehran"
index.html,Session 3: Behavior Design Techniques in Marketing
index.html,"Thursday, October 11, 2023 • 3:00-8:00 PM (5 hours)"
index.html,Application of behavioral design techniques in marketing
index.html,Behavioral science and marketing strategy
index.html,Nudging and choice architecture
index.html,"Framing effects, anchoring, and priming in advertising"
index.html,Case studies of successful behavioral interventions
index.html,"Amir Mohammad Tehmtan, MSc Economics, Sharif University of Technology; Admitted to Harvard University; Founder of Bias Team"
index.html,Session 4: Behavioral Finance
index.html,"Sunday, October 14, 2023 • 3:00-8:00 PM (5 hours)"
index.html,Behavioral finance principles and applications
index.html,Decision-making in financial markets
index.html,Cognitive biases in financial decision-making
index.html,Prospect theory and loss aversion
index.html,"Herd behavior, overconfidence, and mental accounting"
index.html,Implications for investment strategy and portfolio management
index.html,"Dr. Saeed Eslami Bidgoli, PhD Financial Management, Shahid Beheshti University; CFA Level III; Secretary General, Iranian Investment Institutions Association"
index.html,Session 5: Neurobranding
index.html,"Tuesday, October 16, 2023 • 4:00-8:00 PM (4 hours)"
index.html,Neurobranding: applying neuroscience to brand strategy
index.html,Neurological foundations of brand perception and loyalty
index.html,Measuring brand associations using neuroimaging
index.html,Applications of neuromarketing in business
index.html,Building emotional connections with brands
index.html,Case studies from international brands
index.html,"Dr. Omid Asgari, PhD Neurobranding, NOVA SBE (Portugal); Founder & CEO, DCG LAB"
index.html,Session 6: Neurocognitive Analysis of Advertising Content
index.html,"Wednesday, October 17, 2023 • 3:00-7:00 PM (4 hours)"
index.html,Part A: Neurocognitive Content Analysis
index.html,"Albert Heidarian, Director of NeuroLab Studio, Sarzamin Afarinesh Yekta Honar"
index.html,Part B: Behavioral Data Analytics
index.html,What is behavioral analysis and how can businesses use behavioral data?
index.html,Data-driven marketing strategies
index.html,Customer journey mapping using behavioral data
index.html,A/B testing and conversion optimization
index.html,Predictive analytics for consumer behavior
index.html,"Hirmand Lashkari, Data & Digital Marketing Consultant with 12+ years experience at leading e-commerce platforms (Digikala, Khanomi, Alovpick) and international startups in the USA"
index.html,Session 7: Cognitive & Behavioral Sciences in Strategic Leadership
index.html,"Thursday, October 18, 2023 • 3:00-8:00 PM (5 hours)"
index.html,Applications of cognitive and behavioral sciences in strategic leadership
index.html,Decision-making biases in organizational contexts
index.html,Leading organizational change through behavioral insights
index.html,Building high-performance teams
index.html,Strategic thinking and innovation
index.html,"Kaveh Yazdifar, Business Innovation Designer and Founder of Emkan School"
index.html,Session 8: Behavioral Science & Experience Design
index.html,"Sunday, October 21, 2023 • 3:00-8:00 PM (5 hours)"
index.html,Behavioral science and experience design
index.html,Introduction to design thinking with behavioral science perspective
index.html,Organizational design: from product/service to experience
index.html,User-centered design informed by behavioral insights
index.html,Measuring and optimizing user experience
index.html,"Samira Toofani Asl, Chief Experience Design Officer, Entekhab Electronic Industrial Group; International Design Thinking Instructor"
index.html,Students & Graduates
index.html,"Students and graduates in cognitive science, management, economics, and related fields"
index.html,Healthcare Professionals
index.html,Managers of cognitive clinics and rehabilitation centers
index.html,Marketing Professionals
index.html,Marketing managers in organizations and businesses
index.html,Business Leaders
index.html,Managers of businesses and startups
index.html,Program Topics Summary
index.html,Behavioral Economics
index.html,Neuromarketing
index.html,Behavioral Finance
index.html,Consumer Neuroscience
index.html,Cognitive Biases
index.html,Neurobranding
index.html,Behavioral Data Analytics
index.html,Organizational Behavior
index.html,Marketing Strategy
index.html,The program featured leading experts from academia and industry:
index.html,Dr. Mohammadreza Abolghasemi Dehaqani
index.html,"- University of Tehran, Electrical & Computer Engineering"
index.html,Dr. Saeed Eslami Bidgoli
index.html,"- Shahid Beheshti University, CFA Level III"
index.html,Dr. Omid Asgari
index.html,"- PhD Neurobranding, NOVA SBE (Portugal), Founder & CEO of DCG LAB"
index.html,Amir Mohammad Tehmtan
index.html,"- MSc Economics, Sharif University; Admitted to Harvard; Founder of Bias Team"
index.html,Samira Toofani Asl
index.html,"- Chief Experience Design Officer, International Design Thinking Instructor"
index.html,Kaveh Yazdifar
index.html,"- Business Innovation Designer, Founder of Emkan School"
index.html,Albert Heidarian
index.html,- Director of NeuroLab Studio
index.html,Hirmand Lashkari
index.html,"- Data & Digital Marketing Consultant, 12+ years experience"
index.html,Core Competencies
index.html,Behavioral Economics Fundamentals:
index.html,"Understanding cognitive biases, heuristics, and their impact on decision-making"
index.html,Neuromarketing Techniques:
index.html,Familiarity with neuroimaging and psychophysiological tools for consumer research
index.html,Marketing Strategy:
index.html,Applying behavioral insights to design effective marketing campaigns
index.html,Understanding behavioral biases in investment and financial planning
index.html,Creating user experiences informed by behavioral science
index.html,Using behavioral data to optimize business outcomes
index.html,Applying cognitive science to organizational management and change
index.html,Brand Strategy:
index.html,Building brands using neurobranding principles
index.html,Certificate of Completion:
index.html,National Brain Mapping Lab (NBML)
index.html,37 hours
index.html,October 2023
index.html,"This certificate validates comprehensive knowledge in behavioral economics, neuromarketing, and the application of neuroscience and behavioral science principles to business strategy and consumer behavior."
index.html,Relevance to Research & Career
index.html,Understanding neural mechanisms underlying economic and consumer choices
index.html,Neuroeconomics:
index.html,"Integrating neuroscience, economics, and psychology to study decision-making"
index.html,Computational Modeling:
index.html,Applying reinforcement learning models to consumer behavior
index.html,Translating basic neuroscience findings to real-world applications
index.html,Interdisciplinary Approach:
index.html,Bridging cognitive neuroscience with business and marketing
index.html,Professional Skills Development:
index.html,Enhanced understanding of how neuroscience informs practical applications
index.html,Ability to communicate research findings to non-academic audiences
index.html,Experience with industry applications of cognitive science
index.html,Network connections with professionals in applied neuroscience
index.html,Total Duration:
index.html,8 comprehensive modules
index.html,Hybrid (Online & In-person)
index.html,Dates:
index.html,"October 7-21, 2023"
index.html,Learning Outcomes
index.html,8+ distinguished instructors
index.html,12+ major subject areas
index.html,Disciplines:
index.html,"Neuroscience, Economics, Psychology, Marketing, Design"
index.html,Institutional Context
index.html,Venue:
index.html,National Brain Mapping Lab
index.html,Support:
index.html,Cognitive Sciences and Technologies Development Headquarters
index.html,Personal Impact & Significance
index.html,Professional relevance:
index.html,"Consolidated practical understanding of cognitive biases, persuasion frameworks, and evaluation of behavioral interventions in business settings. Strengthened my ability to translate research concepts into applied decision-making and communicate insights clearly to non-technical stakeholders."
index.html,Advanced Genetic Engineering Course
index.html,"National School of Biotechnology, Iran • January 2025"
index.html,"is one of the elite programs of the National School of Biotechnology, Iran. This advanced-level virtual course aims to introduce important techniques in genetic engineering and molecular biology."
index.html,Train researchers to enter the field of biotechnology
index.html,Enable production of technological products in genetic engineering
index.html,Familiarize participants with the latest biotechnology technologies used in Iran's biotech industry
index.html,6-hour advanced virtual training course
index.html,Course Curriculum & Topics
index.html,Core Molecular Biology Techniques
index.html,1. Primer Design
index.html,Principles of primer design for genetic engineering applications
index.html,Design considerations for PCR and RT-PCR
index.html,Specificity and efficiency optimization
index.html,2. RNA Extraction
index.html,RNA extraction techniques and protocols
index.html,Sample preparation and handling
index.html,RNase-free technique and contamination prevention
index.html,3. Agarose Gel Electrophoresis
index.html,Gel preparation and running procedures
index.html,Nucleic acid visualization techniques
index.html,Band analysis and interpretation
index.html,Quality assessment of PCR products
index.html,4. PCR (Polymerase Chain Reaction)
index.html,PCR theory and principles
index.html,Reaction setup and optimization
index.html,Temperature cycling protocols
index.html,Applications in genetic engineering
index.html,5. Real-Time PCR (RT-PCR)
index.html,Quantitative real-time PCR methodology
index.html,Gene expression analysis
index.html,Data analysis and interpretation
index.html,Normalization strategies and reference genes
index.html,6. Troubleshooting
index.html,Common problems in molecular biology experiments
index.html,Diagnostic approaches for failed reactions
index.html,Optimization strategies
index.html,Quality control best practices
index.html,Program Features
index.html,Advanced Level
index.html,Specialized training designed for researchers entering biotechnology field
index.html,Virtual Format
index.html,6-hour online intensive course with comprehensive coverage
index.html,Industry Focus
index.html,Latest biotechnology technologies used in Iran's biotech industry
index.html,"The National School of Biotechnology, Iran is a premier institution offering elite training programs in biotechnology and genetic engineering. This advanced course replaced 10 specialized workshops, providing participants with comprehensive exposure to advanced biotechnology techniques."
index.html,Participants can only attend one specialized course at a time. Those interested in other courses must register separately for different dates.
index.html,Primer Design
index.html,RNA Extraction
index.html,Gel Electrophoresis
index.html,Real-Time PCR
index.html,Molecular Biology
index.html,Gene Expression Analysis
index.html,Troubleshooting
index.html,Quality Control
index.html,Relevance to Neuroscience Research
index.html,Applications in Cognitive Neuroscience:
index.html,Gene Expression Studies:
index.html,RT-PCR techniques essential for analyzing neuron-specific and brain-region-specific gene expression
index.html,Molecular Mechanisms:
index.html,"Understanding genetic basis of cognitive functions, learning, memory, and neuroplasticity"
index.html,Investigating genetic factors in psychiatric and neurological disorders
index.html,Bridging molecular findings to behavioral and cognitive neuroscience
index.html,Methodological Integration:
index.html,Combining molecular biology techniques with behavioral and neuroimaging approaches
index.html,"National School of Biotechnology, Iran"
index.html,January 2025
index.html,6 hours intensive virtual training
index.html,"This certification validates advanced knowledge and practical understanding of essential genetic engineering and molecular biology techniques, complementing my neuroscience research profile with crucial molecular biology competencies."
index.html,Integration with Research Profile
index.html,Summer School: Journey to the World of the Brain
index.html,National Brain Mapping Lab (NBML) • Summer 2023 • 60 Hours
index.html,"Cognitive Neuroscience Summer School: ""Journey to the World of the Amazing Brain"""
index.html,60 hours intensive program
index.html,Online lectures + In-person laboratory tours at NBML
index.html,July 2023 (Tir 1402)
index.html,"National Brain Mapping Lab, Tehran, Iran"
index.html,Core Curriculum Modules
index.html,Module 1: Neuroanatomy (12 hours)
index.html,"Dr. Alireza Eftekhari Moghaddam (PhD Anatomical Sciences, Baqiyatallah University of Medical Sciences)"
index.html,General anatomy of the nervous system and its divisions
index.html,"Central nervous system: spinal cord anatomy, meninges, white/gray matter"
index.html,"Brainstem: medulla oblongata, pons, midbrain structures and nuclei"
index.html,Cranial nerves overview
index.html,Fourth ventricle anatomy and CSF flow
index.html,"Cerebellum: surfaces, lobes, nuclei, and blood supply"
index.html,"Cerebral hemispheres: lobes, sulci, and gyri (external, internal, inferior surfaces)"
index.html,Vascular anatomy of the brain
index.html,Module 2: Neurophysiology (4 hours)
index.html,"Dr. Soraya Mehrabi (PhD Neuroscience, Iran University of Medical Sciences)"
index.html,Neurons and glial cells
index.html,Synaptic transmission
index.html,Neurotransmitter types and functions
index.html,Action potentials
index.html,Neuronal excitation and inhibition
index.html,Sensory systems (general and special senses)
index.html,Motor nervous system
index.html,Module 3: Brain Dissection (4 hours)
index.html,In-person practical session with virtual dissection table
index.html,"Dr. Sajjad Shafiei (Neurosurgeon, Mazandaran UMS) & Dr. Alireza Eftekhari Moghaddam"
index.html,Hands-on anatomical demonstration using advanced virtual dissection technology
index.html,Module 4: Psychiatric & Neurological Disorders (36 hours)
index.html,Clinical neuroscience applications and diagnostic technologies
index.html,Six Clinical Topic Areas (6 hours each):
index.html,"1. Neurodevelopmental Disorders in Children (ADHD, ASD, LD)"
index.html,"Dr. Maryam Kachooei (Pediatric Neurology), Dr. Reza Rostami (Psychiatry, Tehran University), Dr. Mahdi Alizadeh Zarei (Occupational Therapy)"
index.html,"2. Anxiety, Depression, Bipolar Disorder, and Schizophrenia"
index.html,"Dr. Fatemeh Sadat Mirfazeli (Psychiatry), Dr. Atefeh Ghanbari (Psychiatry), Dr. Sanaz Khamami (PhD Psychology)"
index.html,3. Addiction and Substance Abuse Disorders
index.html,"Dr. Hamed Ekhtiari (Cognitive Neuroscientist, Laureate Institute), Dr. Tara Rezapour (Cognitive Sciences), Dr. Mohammad Nasiri (Psychiatry Resident)"
index.html,"4. Headache, Seizures, Stroke, and Coma"
index.html,"Dr. Abbas Tafakhori (Neurology, Iran UMS), Dr. Hamed Amirifard (Neurology, Tehran UMS)"
index.html,5. Aging Disorders and Dementia
index.html,"Dr. Nahid Borna (Geriatric Psychiatry Fellowship), Dr. Vajihe Aghamolaei (Neurology, Tehran UMS), Dr. Mahgol Tavakoli (Psychology, Isfahan University)"
index.html,6. Brain Tumors and Neurosurgery (Neurointervention & Neuromonitoring)
index.html,"Dr. Sajjad Shafiei (Neurosurgery, Mazandaran UMS), Dr. Amin Jahanbakhshi (Neurosurgery, Iran UMS), Eng. Peyman Esmaeili (Biomedical Engineering)"
index.html,Clinical Topics Framework (each disorder):
index.html,Definitions and classification
index.html,Predisposing factors (prenatal) and risk factors (postnatal)
index.html,Clinical signs/symptoms and diagnostic tools
index.html,Behavioral changes and brain imaging findings
index.html,Pathophysiology and mechanisms
index.html,"Treatments: psychological, rehabilitation, pharmacological, and novel technologies"
index.html,Latest research findings and diagnostic/therapeutic challenges
index.html,Ethical considerations
index.html,Module 5: Laboratory Tours at NBML (4 hours)
index.html,In-person guided tours of National Brain Mapping Lab facilities
index.html,Three Specialized Lab Tours:
index.html,A) Neuroimaging & Image Processing Lab (1.5 hours)
index.html,"Mandana Sajjadi, PhD (International Relations, Allameh Tabataba'i University)"
index.html,"fMRI, structural MRI equipment and protocols"
index.html,Image processing software and analysis pipelines
index.html,Research applications in cognitive neuroscience
index.html,B) Signal Processing & Electrophysiology Lab (1.5 hours)
index.html,"Payam Khanlari, PhD Candidate (Ergonomics, Tehran UMS)"
index.html,"EEG, MEG, and other electrophysiological recording systems"
index.html,Signal processing techniques and software
index.html,Applications in clinical and research settings
index.html,"C) Brain Stimulation, Cognitive Assessment & Rehabilitation Lab (1.5 hours)"
index.html,"Mohammad Khazaei, PhD Candidate (Sports Psychology, University of Tehran)"
index.html,Transcranial magnetic stimulation (TMS) and tDCS equipment
index.html,Cognitive assessment and rehabilitation tools
index.html,Virtual reality systems for therapeutic applications
index.html,Eye-tracking technology and applications
index.html,Program Statistics & Faculty
index.html,Program Scale
index.html,60 contact hours
index.html,20+ distinguished instructors
index.html,Clinical Topics:
index.html,6 major disorder categories
index.html,Lab Tours:
index.html,3 specialized facilities
index.html,Institutional Affiliations
index.html,Tehran UMS
index.html,- 5 faculty
index.html,Iran UMS
index.html,- 6 faculty
index.html,Other Universities
index.html,- 9 faculty
index.html,International
index.html,- 1 (Laureate Institute)
index.html,Disciplines Covered
index.html,"Neuroanatomy, Neurophysiology, Neurosurgery, Neurology, Psychiatry, Psychology, Occupational Therapy, Biomedical Engineering"
index.html,Foundational Knowledge:
index.html,"Comprehensive understanding of brain anatomy, physiology, and function"
index.html,Clinical Applications:
index.html,"Familiarity with major psychiatric and neurological disorders, their mechanisms, and treatments"
index.html,"Exposure to contemporary neuroimaging, electrophysiology, and brain stimulation techniques"
index.html,Translational Perspective:
index.html,Understanding of how basic neuroscience informs clinical practice and therapeutic innovations
index.html,Hands-On Experience:
index.html,Direct observation of state-of-the-art neuroscience research equipment and protocols
index.html,Facilities include:
index.html,"high-field MRI scanners, EEG/MEG systems, TMS and tDCS equipment, virtual reality platforms, and computational neuroscience infrastructure."
index.html,Personal Impact & Relevance
index.html,"National School of Biotechnology, Iran • January 2025 • 6 Hours Online"
index.html,"Primer Design, RNA Extraction, PCR, RT-PCR, Troubleshooting"
index.html,Certificate:
index.html,Comprehensive Neuroscience Diploma
index.html,NeuroTRACT Association • 2023-2024 • One-Year Intensive Program
index.html,One full year (34 sessions across 3 phases)
index.html,Structure:
index.html,"Basic, Clinical, and Cognitive Neuroscience (Duke Curriculum)"
index.html,International English certificate
index.html,Comprehensive training program
index.html,"Data manipulation, statistical analysis, visualization, machine learning fundamentals"
index.html,National Brain Mapping Lab (NBML) • Summer 2023 • 60 hours
index.html,"Intensive program covering neuroanatomy, neurophysiology, brain dissection, psychiatric/neurological disorders, and hands-on lab tours"
index.html,National Brain Mapping Lab (NBML) • October 2023 • 37 hours
index.html,Application of neuroscience and behavioral science principles to consumer behavior and business decision-making
index.html,"Behavioral economics, neuromarketing, behavioral finance, experience design, strategic leadership"
index.html,Impact on Research Profile
index.html,These professional development programs have strengthened my research capabilities:
index.html,Advanced Genetic Engineering (2025):
index.html,"Latest molecular biology techniques including primer design, RNA extraction, PCR, and real-time PCR - essential for modern neuroscience research involving genetic analysis"
index.html,Comprehensive Neuroscience Foundation:
index.html,"34 sessions covering basic, clinical, and cognitive neuroscience based on Duke University curriculum"
index.html,Advanced Python Skills:
index.html,A+ grade (92%) demonstrating strong quantitative and programming capabilities for data analysis and research
index.html,Hands-on exposure to contemporary neuroimaging and computational approaches
index.html,Interdisciplinary Perspective:
index.html,Training from 30+ distinguished professors across multiple neuroscience domains
index.html,Systematic skill-building preparing for graduate-level neuroscience research
index.html,"These certifications demonstrate continuous learning, technical excellence, and commitment to staying current with neuroscience methods and computational tools - essential qualities for success in graduate research programs."
index.html,"One-year intensive neuroscience diploma spanning foundational, clinical, and cognitive neuroscience, aligned with a Duke-inspired curriculum framework."
index.html,Total Sessions:
index.html,34 lectures
index.html,Topics inspired by Duke University neuroscience curriculum
index.html,Three-Phase Structure
index.html,The diploma is designed in three comprehensive phases delivered over one full academic year (2023-2024) to ensure thorough coverage of each area with adequate time. The phased structure facilitates management and delivery by prominent professors from top universities in Iran and abroad.
index.html,Phase 1: Basic Neuroscience
index.html,13 lectures
index.html,"Foundational scientific principles of neuroscience taught by renowned professors including Prof. Hassanzadeh (TUMS), Prof. Talaei (Shiraz UMS)"
index.html,Phase 2: Clinical Neuroscience
index.html,11 lectures
index.html,"Neurological and psychiatric disorders from medical and clinical perspectives, taught by neurologists and psychiatrists"
index.html,10 lectures
index.html,"Higher-level human cognitive functions, emotional processing, taught by neuroscientists, neurologists, psychiatrists, and psychologists"
index.html,Phase 1: Basic Neuroscience - Detailed Syllabus
index.html,Core Topics (13 Sessions)
index.html,Basic Neuroanatomy
index.html,Neuronal Signaling and Synaptic Transmission
index.html,General Principles of Sensory System
index.html,Visual System
index.html,Audition & Vestibular Sensation
index.html,Chemical Sense
index.html,Movement and Motor Control
index.html,Lower and Upper Motor Neurons
index.html,Modulation of Movement and Motor Control
index.html,Motor Learning
index.html,Neuroembryology
index.html,Neuroplasticity
index.html,Associational Cortex
index.html,Phase 2: Clinical Neuroscience - Detailed Syllabus
index.html,Clinical Topics (11 Sessions)
index.html,Clinical Application of Neuroscience
index.html,Neurodegenerative Diseases and Dementia
index.html,Epilepsy and Seizures
index.html,Altered Mental Status and Brain Death
index.html,Addiction
index.html,Neural Mechanisms of Stroke
index.html,Movement Disorders
index.html,Neurodevelopmental Disorders
index.html,Personality Disorders
index.html,Depression and Mood Disorders
index.html,Speech and Language Disorders
index.html,Cognitive Topics (10 Sessions)
index.html,Abstract Function
index.html,Neural Communication
index.html,Perception
index.html,Development of Language
index.html,Intelligence
index.html,Sleep
index.html,Individual Differences
index.html,Reward and Happiness
index.html,Consciousness
index.html,Instructors were carefully selected from Iran's top universities and prominent Iranian professors at international universities. All faculty are among the best researchers and educators in their specialized fields.
index.html,Tehran University of Medical Sciences (TUMS)
index.html,Prof. Gholamreza Hassanzadeh
index.html,"- Full Professor of Neuroanatomy, Deputy of Health Policy Council"
index.html,Prof. Mohammad Arbabi
index.html,"- Full Professor of Psychiatry, Founder of Neuropsychiatry Fellowship in Iran"
index.html,Dr. Abbas Tafakhori
index.html,"- Associate Professor of Neurology, National Center for Neurological Research"
index.html,Dr. Mojdeh Ghabaee
index.html,- Associate Professor of Neurology
index.html,Dr. Mohammad Effatpanah
index.html,- Associate Professor of Child & Adolescent Psychiatry
index.html,Dr. Payam Sarraf
index.html,Dr. Sakineh Ranji
index.html,- Assistant Professor of Neurology
index.html,Dr. Hamed Amirifard
index.html,Dr. Esmaeil Riahi
index.html,- Associate Professor of Physiology
index.html,Shiraz University of Medical Sciences
index.html,Prof. Masoumeh Hatem
index.html,"- Full Professor of Physiology, Member of European Federation of Neuroscience (FENS)"
index.html,Prof. Arash Mani
index.html,"- Full Professor of Cognitive Neuroscience, Cognitive Neuroscientist"
index.html,Prof. Tahereh Talaei
index.html,"- Full Professor of Anatomy, Director of Stem Cell Research Center"
index.html,Dr. Ghazal Rashdi
index.html,"- PhD in Physiotherapy, Scientific Director of New Horizons in Rehabilitation Congress"
index.html,Iran University of Medical Sciences
index.html,Prof. Seyed Vahid Shariat
index.html,"- Dean of Faculty of Behavioral Sciences and Mental Health, Director of Roozbeh Psychiatric Hospital"
index.html,Dr. Mohammad Ghadiri
index.html,"- Associate Professor of Psychiatry, Director of Roozbeh Psychiatric Hospital"
index.html,Dr. Navid Mirzakhani
index.html,- Assistant Professor of Occupational Therapy
index.html,Dr. Reyhaneh Mohammadi
index.html,- Assistant Professor of Speech Therapy
index.html,International Faculty
index.html,Dr. Mahsa Mayeli
index.html,"- Postdoctoral Researcher in Neuroscience, Maryland, USA; Founder of NeuroTRACT"
index.html,Dr. Parnian Rafei
index.html,"- PhD Student at Trinity College, Dublin, Ireland; Executive Secretary of International Society of Addiction Medicine"
index.html,Dr. Amirhossein Jalali
index.html,"- Associate Professor of Psychiatry, Board Member of World Psychiatric Association"
index.html,Additional Specialized Faculty
index.html,Dr. Ahmadreza Khatoonabadi
index.html,"- Dean of Rehabilitation Faculty, TUMS; Associate Professor of Speech Therapy"
index.html,Dr. Ehsan Negin
index.html,"- Head of Auditory Processing Department, Brain & Cognition Clinic"
index.html,Dr. Hojjatollah Haghgoo
index.html,"- Associate Professor of Neuroscience, Outstanding Researcher in Sensory Processing"
index.html,Dr. Alireza Valizadeh
index.html,"- Assistant Professor of Physics, Institute for Advanced Studies in Basic Sciences"
index.html,Successfully completed all three phases of the program:
index.html,Phase 1: Basic Neuroscience (13 sessions)
index.html,Phase 2: Clinical Neuroscience (11 sessions)
index.html,Phase 3: Cognitive Neuroscience (10 sessions)
index.html,Internationally recognized English certificate awarded upon completion of all phases
index.html,About NeuroTRACT Association
index.html,Completion Details
index.html,One full year (2023-2024)
index.html,13 sessions
index.html,11 sessions
index.html,10 sessions
index.html,All phases completed
index.html,Curriculum Base:
index.html,Duke University
index.html,Instruction Language:
index.html,Certificate Language:
index.html,30+ distinguished professors
index.html,Knowledge Domains
index.html,Basic:
index.html,"Neuroanatomy, physiology, signaling"
index.html,Clinical:
index.html,Neurological & psychiatric disorders
index.html,Cognitive:
index.html,Higher brain functions
index.html,Personal Achievement & Impact
index.html,Completion of this comprehensive one-year program demonstrates:
index.html,Sustained Commitment:
index.html,Dedicated one full academic year (2023-2024) to systematic neuroscience education
index.html,Systematic Learning:
index.html,"Structured progression through basic, clinical, and cognitive neuroscience domains"
index.html,International Standards:
index.html,Curriculum aligned with Duke University neuroscience education
index.html,Breadth of Knowledge:
index.html,34 sessions covering fundamental to advanced topics in neuroscience
index.html,Distinguished faculty:
index.html,Learning from experienced neuroscience educators and invited international experts
index.html,Strong theoretical foundation for graduate-level neuroscience research
index.html,Clinical Understanding:
index.html,Comprehensive knowledge of neurological and psychiatric disorders
index.html,Cognitive Expertise:
index.html,Advanced understanding of higher-order brain functions and cognitive processes
index.html,Relevance to Research Profile
index.html,"Comprehensive hands-on laboratory training across multiple specialized domains, providing practical experience in molecular neuroscience, psychometric assessment, and neuroimaging techniques."
index.html,4-Day Intensive Program (12 hours hands-on)
index.html,"DNA Extraction, RT-PCR, Real-Time PCR, Gene Expression Analysis"
index.html,4 assessment-focused courses (9 credits)
index.html,"WAIS-IV, WISC-IV, NEO-PI-R, MMPI, Psychometric Analysis"
index.html,"Neuroimaging, Signal Processing, Brain Stimulation"
index.html,"fMRI, EEG, MEG, TMS, tDCS, VR systems"
index.html,Molecular Techniques
index.html,"DNA extraction, PCR, RT-PCR, qPCR, gene expression analysis, spectrophotometry"
index.html,Psychometric Skills
index.html,"Intelligence testing, personality assessment, test construction, reliability/validity analysis"
index.html,Neuroimaging Exposure
index.html,"fMRI, EEG, MEG, TMS, tDCS, signal processing, brain stimulation techniques"
index.html,"Hands-on experience with DNA extraction, PCR, and gene expression analysis applicable to neuroscience research"
index.html,"Strong foundation in test construction, validation, and advanced statistical methods (CTT, IRT, factor analysis)"
index.html,Proficiency in administering and interpreting standardized psychological assessments
index.html,Experience working in structured laboratory environments with proper protocols and quality control
index.html,Ability to bridge behavioral measurement with biological and molecular approaches
index.html,"Training in ethical practice, documentation, and rigorous research standards"
index.html,"Psychometrics & Assessment Training | Tehran, Iran"
index.html,Hands-on training in psychological assessment through multiple coursework modules during undergraduate studies
index.html,Core Assessment Courses
index.html,Psychometrics (Fall 2020)
index.html,2 (1 Theoretical + 1 Practical) •
index.html,Test construction and validation principles
index.html,Classical Test Theory (CTT) and Item Response Theory (IRT)
index.html,"Reliability assessment (internal consistency, test-retest, inter-rater)"
index.html,"Validity evaluation (content, construct, criterion validity)"
index.html,Factor analysis (EFA and CFA) for scale development
index.html,Hands-on psychometric analysis using statistical software
index.html,Psychological Tests 1 (Fall 2021)
index.html,Focus: Intelligence Assessment
index.html,"Administration, scoring, interpretation of adult intelligence"
index.html,Child intelligence assessment protocols
index.html,Cognitive profile analysis and report writing
index.html,Clinical interpretation of subtest patterns
index.html,Ethical considerations in intelligence testing
index.html,Psychological Tests 2 (Spring 2023)
index.html,Focus: Personality & Clinical Assessment
index.html,Five-Factor Model personality assessment
index.html,Clinical personality inventory administration
index.html,Projective Tests:
index.html,"TAT, Rorschach introduction"
index.html,Clinical Screening:
index.html,"BDI-II, BAI, and other symptom measures"
index.html,Integrating assessment results into comprehensive reports
index.html,Experimental Psychology (Spring 2021)
index.html,3 (2 Theoretical + 1 Practical) •
index.html,Laboratory equipment operation and experimental protocols
index.html,Behavioral measurement techniques and apparatus
index.html,Data collection in controlled laboratory settings
index.html,Experimental design implementation and execution
index.html,Cumulative Training Statistics
index.html,4 assessment-focused courses
index.html,9 units
index.html,Time Period:
index.html,Skills Developed
index.html,Intelligence Testing:
index.html,"WAIS-IV, WISC-IV"
index.html,Personality Assessment:
index.html,"NEO-PI-R, MMPI"
index.html,Psychometrics:
index.html,"CTT, IRT, Factor Analysis"
index.html,Clinical Measures:
index.html,"BDI-II, BAI, screening tools"
index.html,Training Context & Learning Environment
index.html,"These courses provided structured, hands-on training in psychological assessment within university coursework. Each course combined theoretical foundations with practical laboratory sessions where students learned to:"
index.html,Administer standardized tests:
index.html,Proper protocols for test administration following standardized procedures
index.html,Score assessments accurately:
index.html,Manual scoring and interpretation of results
index.html,Conduct clinical interviews:
index.html,Structured and semi-structured interview techniques
index.html,Observe behavior systematically:
index.html,Clinical observation and behavioral recording
index.html,Write professional reports:
index.html,Integrating assessment results into comprehensive psychological reports
index.html,Apply ethical standards:
index.html,"Informed consent, confidentiality, and professional practice guidelines"
index.html,Clinical Skills
index.html,Test Administration
index.html,Clinical Interviewing
index.html,Scoring Accuracy
index.html,Report Writing
index.html,Ethical Practice
index.html,NBML Summer School Laboratory Tours | Summer 2023
index.html,Guided Tours of NBML Research Facilities
index.html,In-person laboratory tours at Iran's premier neuroscience research center
index.html,Three Specialized Lab Tours (4 hours total):
index.html,Neuroimaging & Image Processing Lab
index.html,fMRI and structural MRI equipment demonstration
index.html,Signal Processing & Electrophysiology Lab
index.html,"EEG, MEG, and electrophysiological recording systems"
index.html,Clinical and research applications
index.html,Brain Stimulation & Cognitive Rehabilitation Lab
index.html,TMS and tDCS equipment for brain stimulation
index.html,Virtual reality therapeutic applications
index.html,Eye-tracking technology demonstration
index.html,"For complete details of the Summer School program, see the"
index.html,Summer School detail page
index.html,This comprehensive assessment and laboratory training provides:
index.html,"Neuroendocrine physiology covering neuronal signaling, synaptic transmission, autonomic pathways, and hormonal regulation relevant to behavior."
index.html,"Neural and endocrine bases of behavior: core neuroanatomy, neurotransmitter systems, and methods for linking brain function to cognition and emotion."
index.html,"Transduction and coding in sensory systems, perceptual organization, and psychophysics, with emphasis on attention and perceptual decision-making."
index.html,"Historical development of psychology and major schools (from behaviorism to cognitive science), with critical evaluation of assumptions, methods, and evidence."
index.html,"Mechanisms of learning (classical/operant conditioning, reinforcement schedules, observational learning) and their implications for skill acquisition and behavior change."
index.html,"Motivational theories and affective processes, including emotion regulation and the interaction of physiology, cognition, and behavior in everyday contexts."
index.html,"Information-processing models of attention, memory, language, reasoning, and decision-making, grounded in classic paradigms and contemporary theory."
index.html,"Designing behavioral experiments, operationalizing variables, collecting data, and interpreting results with attention to validity, bias control, and reproducibility."
index.html,"Neural substrates of cognition with an introduction to EEG/fMRI paradigms, lesion evidence, and interpretation of cognitive-neuroscience models."
index.html,"Neurocognitive profiles of learning disorders (e.g., dyslexia, dyscalculia, ADHD), including screening/assessment basics and evidence-informed educational interventions."
index.html,20/20 (5 courses)
index.html,Range:
index.html,20/20 (4 courses)
index.html,"Foundations of counseling practice: building helping relationships, core micro-skills (active listening, goal setting), ethics, and referral pathways."
index.html,"Survey of core psychological domains and foundational concepts, with a focus on theory comparison and how evidence supports (or fails) claims."
index.html,"Continuation of core topics with applied perspectives, contemporary debates, and critical reading of psychological arguments and evidence."
index.html,"Comparative perspectives on self, motivation, and wellbeing in Islamic scholarship, with links to modern psychological concepts and practice contexts."
index.html,"Philosophical foundations of psychology: consciousness, mind-body debates, free will, and scientific explanation and their implications for theory."
index.html,"Educational psychology: learning and instruction models, motivation and self-regulation, classroom assessment, and evidence-based intervention design."
index.html,"Adult psychopathology overview using DSM-oriented classification: symptom clusters, differential diagnosis, and etiological models."
index.html,"Developmental psychopathology: neurodevelopmental and disruptive disorders (e.g., ADHD, ASD), assessment considerations, and early intervention principles."
index.html,"Key themes in Islamic philosophy (epistemology, metaphysics, ethics) to support culturally informed reasoning in psychological contexts."
index.html,"Psychological themes in Quran and Hadith (coping, self-control, interpersonal ethics), interpreted with sensitivity to clinical and educational settings."
index.html,"Complex clinical presentations including personality disorders, eating disorders, and substance use, with attention to comorbidity and formulation."
index.html,"Major psychotherapy approaches (CBT, psychodynamic, humanistic, systemic/family), mechanisms of change, and high-level evidence considerations."
index.html,"Career and educational guidance: career development theories, basic vocational assessment, and planning guidance programs across school stages."
index.html,"Advanced applications of Islamic psychological resources in counseling, balancing cultural relevance with professional ethics and client autonomy."
index.html,"Public mental health and wellbeing: resilience, prevention, psychoeducation, and evaluation of mental-health promotion programs."
index.html,"Interface of psychology and psychiatry: diagnostic interviewing concepts, psychopharmacology overview, and multidisciplinary care models."
index.html,"Biopsychosocial models of health: stress and coping, behavior change, chronic illness adaptation, and mind-body pathways."
index.html,"Clinical psychology fundamentals: interviewing, assessment-to-formulation workflow, treatment planning, risk awareness, and professional ethics."
index.html,"Behavioral assessment and intervention: applied behavior analysis principles, reinforcement schedules, exposure basics, and habit formation strategies."
index.html,"Applied counseling practice: structuring sessions, goal tracking, feedback, and core techniques (e.g., CBT-informed and solution-focused skills)."
index.html,"Psychopathology, Counseling, Clinical Practice"
index.html,"Core sociology concepts (institutions, stratification, social change) as contextual foundations for behavior, education, and mental health."
index.html,"Social cognition and influence: group processes, attitude change, and sociocultural determinants of behavior with applied examples."
index.html,"Lifespan development from prenatal to childhood: cognitive, emotional, and social milestones anchored in major developmental theories."
index.html,"Development across adolescence to aging, including identity formation, lifespan transitions, and developmental tasks linked to wellbeing."
index.html,"Applying social-psychology principles to organizations, health, and law, including interventions and basic program evaluation logic."
index.html,"Personality frameworks (trait and process models), assessment approaches, and links between personality, emotion, and behavior in daily life."
index.html,"Psychology of religion and spirituality: religious experience, meaning-making, coping, and wellbeing, with attention to measurement issues."
index.html,"Social pathology: patterns of deviance and social problems (crime, addiction), risk factors, and intervention and prevention strategies."
index.html,"Family systems perspectives on relationships and parenting, communication patterns, and counseling considerations across the family life cycle."
index.html,"Demography and family studies: population trends, policy context, and psychosocial implications for community wellbeing."
index.html,Focus Areas:
index.html,"Lifespan Development, Family Systems, Social Psychology"
index.html,Specialized Topics in Psychology
index.html,"Work and organizational psychology: selection and training, motivation and leadership, organizational culture, and human performance at work."
index.html,"Overview of intellectual and developmental disabilities, including screening/assessment principles and inclusive education strategies."
index.html,"Neurodevelopmental and learning disorders (e.g., ASD, LD) with focus on behavioral interventions and family-centered support."
index.html,"Addiction models (neurobiological and psychosocial), risk factors, relapse prevention, and overview of evidence-based treatment approaches."
index.html,1 Practical •
index.html,"Physical activity and fitness fundamentals, emphasizing safe practice and habit-building for long-term health and wellbeing."
index.html,2 Practical •
index.html,"Practical rehabilitation and special-education techniques, including individualized intervention planning and progress monitoring."
index.html,1 (0.5 Theo + 0.5 Prac) •
index.html,"Basics of exercise science and health promotion, including safe training principles and lifestyle physical activity."
index.html,"Special Needs, Addiction, Rehabilitation"
index.html,"Foundations of knowledge and reasoning: justification, skepticism, and argument evaluation that support scientific thinking."
index.html,3 Theoretical •
index.html,"Academic Persian writing and communication: composition, editing, and formal presentation, grounded in literature and language structure."
index.html,"Ethical reasoning and virtue-based frameworks, with applications to personal and professional conduct."
index.html,"Historical and socio-political overview of the Islamic Revolution, focusing on key events, narratives, and societal impacts."
index.html,"Academic English foundations: grammar, reading comprehension, writing, and communication skills for university-level coursework."
index.html,"Analytical overview of early Islamic history, emphasizing sources, methods, and critical interpretation of major developments."
index.html,"Reading psychology textbooks in English: technical vocabulary building, comprehension strategies, and concise summarization."
index.html,"Critical reading of psychology research articles and advanced texts, with focus on academic style, abstracts, and argument structure."
index.html,"Theme-based interpretation methods, textual analysis, and synthesis of Quranic concepts across chapters."
index.html,Core theological concepts (origin and resurrection) with emphasis on structured reasoning and philosophical discourse.
index.html,"Historical overview of the Iran-Iraq war and its societal context, framed through basic concepts in defense and security studies."
index.html,1 Theoretical •
index.html,"Key political-religious texts and their historical context, approached through high-level discourse and context analysis."
index.html,"Prophecy and leadership (Imamate) concepts, with comparative theological perspectives and conceptual clarity."
index.html,Quran literacy: recitation fundamentals and introductory interpretation concepts for academic coursework.
index.html,Summer Semester 2023-2024
index.html,"Survey of Islamic and Iranian cultural civilization, including major intellectual contributions and historical periods."
index.html,Languages:
index.html,"Persian, English, Technical English"
pfc/index.html,📄 Preprint (PDF)
pfc/index.html,📝 Preprint (DOCX)
pfc/index.html,🔬 OSF Project
theori/index.html,Theori: Digital Mirror Exposure Dashboard
kavian-hr/index.html,📤 خروجی JSON
kavian-hr/index.html,📥 ورودی JSON
kavian-hr/index.html,📦 دانلود HTML
kavian-hr/index.html,داده‌ها در مرورگر (localStorage) ذخیره می‌شن. برای پشتیبان‌گیری دائمی از «خروجی JSON» استفاده کنید و فایل را نگهداری کنید. در دستگاه جدید با «ورودی JSON» بازیابی کنید.
kavian-hr/index.html,📊 فایل Excel:
kavian-hr/index.html,📤 خروجی Excel
kavian-hr/index.html,📥 ورودی Excel
kavian-hr/index.html,یادداشت‌ها در localStorage ذخیره می‌شوند و در گزارش ماه نمایش داده می‌شوند.
